rank,company_number,name,status,score,postcode,area,cluster,sic_codes,incorporation_date,planning_count,contract_count,density
1,09866059,CONRAD ENERGY LIMITED,active,59.9,OX14 1SY,OX,solar,35110; 35130; 35140; 82110,,1000,200,2380
2,09866059,CONRAD ENERGY LIMITED,active,59.9,OX14 1SY,OX,solar,35110; 35130; 35140; 82110,,1000,200,2380
3,09866059,CONRAD ENERGY LIMITED,active,59.9,OX14 1SY,OX,solar,35110; 35130; 35140; 82110,,1000,200,2380
4,09866059,CONRAD ENERGY LIMITED,active,59.9,OX14 1SY,OX,solar,35110; 35130; 35140; 82110,,1000,200,2380
5,09866059,CONRAD ENERGY LIMITED,active,59.9,OX14 1SY,OX,solar,35110; 35130; 35140; 82110,,1000,200,2380
6,07023876,FUNKY RENEWABLES LTD,active,58.0,IP28 7DE,IP,electrical,33200; 43210; 68100; 72190,,1000,1000,2116
7,14815840,LYSIUN LTD,active,58.0,IP28 7DE,IP,electrical,27900; 33140; 43210; 47190,,1000,1000,2116
8,16641524,ANGRY BEAVERS SOLUTIONS LTD,active,58.0,IP28 7DE,IP,hvac,41201; 41202; 43220; 43999,,1000,1000,2116
9,15896720,YORKSHIRE TELECOM LTD,active,58.0,IP28 7DE,IP,telecom,61100; 61200; 61300; 61900,,1000,1000,2116
10,06224374,TULA GROUP LIMITED,active,58.0,IP28 7DE,IP,telecom,35140; 35230; 61100; 61900,,1000,1000,2116
11,14407675,2ADVENTURE STUDIOS LTD,active,58.0,IP28 7DE,IP,telecom,61100; 62020; 62090; 63110,,1000,1000,2116
12,14311941,PET ELECTRICAL & TELECOMS LTD,active,58.0,IP28 7DE,IP,telecom,33140; 33200; 43210; 61100,,1000,1000,2116
13,15276892,LUSO FIBRE LTD,active,58.0,IP28 7DE,IP,telecom,42220; 61100; 61200; 61900,,1000,1000,2116
14,15236709,NONPROFIT IT C.I.C.,active,58.0,IP28 7DE,IP,telecom,45112; 61100; 62020; 63110,,1000,1000,2116
15,15009587,DSN GROUP LTD,active,58.0,IP28 7DE,IP,telecom,49410; 61100; 61900; 62090,,1000,1000,2116
16,02793527,SYSTEMS MANAGERS LIMITED,active,58.0,IP28 7DE,IP,repair,56290; 62020; 62090; 95110,,1000,1000,2116
17,16596559,BROWNERS IT SERVICES LTD,active,58.0,IP28 7DE,IP,repair,47410; 62090; 95110; 95120,,1000,1000,2116
18,15867377,IT WAREHOUSE LTD,active,58.0,IP28 7DE,IP,repair,42220; 61200; 62090; 95110,,1000,1000,2116
19,17063201,SKYLAB INDUSTRIES LTD,active,58.0,IP28 7DE,IP,repair,26110; 32990; 47910; 95110,,1000,1000,2116
20,16619602,AKARIIT LTD,active,58.0,IP28 7DE,IP,repair,47910; 62020; 62090; 95110,,1000,1000,2116
21,15063402,CHECKMARK LTD,active,58.0,IP28 7DE,IP,repair,43220; 62020; 62030; 95110,,1000,1000,2116
22,16662183,LGATE LIMI LIMITED,active,58.0,IP28 7DE,IP,repair,26200; 38320; 47410; 95110,,1000,1000,2116
23,16640616,HAMPSHIRE HOME SERVICES LTD,active,58.0,IP28 7DE,IP,repair,16230; 62020; 95110; 95220,,1000,1000,2116
24,16233389,CREATIVE VISIONARY MEDIA LTD,active,58.0,IP28 7DE,IP,repair,59112; 62020; 74100; 95110,,1000,1000,2116
25,17003177,HW DIGITAL LTD,active,58.0,IP28 7DE,IP,repair,62012; 62020; 62090; 95110,,1000,1000,2116
26,11533919,AFFINITAS IT LIMITED,active,58.0,IP28 7DE,IP,repair,62030; 62090; 63990; 95110,,1000,1000,2116
27,16580204,REPARA LTD,active,58.0,IP28 7DE,IP,repair,47410; 62090; 85590; 95110,,1000,1000,2116
28,07023876,FUNKY RENEWABLES LTD,active,58.0,IP28 7DE,IP,electrical,33200; 43210; 68100; 72190,,1000,1000,2116
29,14815840,LYSIUN LTD,active,58.0,IP28 7DE,IP,electrical,27900; 33140; 43210; 47190,,1000,1000,2116
30,16641524,ANGRY BEAVERS SOLUTIONS LTD,active,58.0,IP28 7DE,IP,hvac,41201; 41202; 43220; 43999,,1000,1000,2116
31,15896720,YORKSHIRE TELECOM LTD,active,58.0,IP28 7DE,IP,telecom,61100; 61200; 61300; 61900,,1000,1000,2116
32,06224374,TULA GROUP LIMITED,active,58.0,IP28 7DE,IP,telecom,35140; 35230; 61100; 61900,,1000,1000,2116
33,14407675,2ADVENTURE STUDIOS LTD,active,58.0,IP28 7DE,IP,telecom,61100; 62020; 62090; 63110,,1000,1000,2116
34,14311941,PET ELECTRICAL & TELECOMS LTD,active,58.0,IP28 7DE,IP,telecom,33140; 33200; 43210; 61100,,1000,1000,2116
35,15276892,LUSO FIBRE LTD,active,58.0,IP28 7DE,IP,telecom,42220; 61100; 61200; 61900,,1000,1000,2116
36,15236709,NONPROFIT IT C.I.C.,active,58.0,IP28 7DE,IP,telecom,45112; 61100; 62020; 63110,,1000,1000,2116
37,15009587,DSN GROUP LTD,active,58.0,IP28 7DE,IP,telecom,49410; 61100; 61900; 62090,,1000,1000,2116
38,02793527,SYSTEMS MANAGERS LIMITED,active,58.0,IP28 7DE,IP,repair,56290; 62020; 62090; 95110,,1000,1000,2116
39,16596559,BROWNERS IT SERVICES LTD,active,58.0,IP28 7DE,IP,repair,47410; 62090; 95110; 95120,,1000,1000,2116
40,15867377,IT WAREHOUSE LTD,active,58.0,IP28 7DE,IP,repair,42220; 61200; 62090; 95110,,1000,1000,2116
41,17063201,SKYLAB INDUSTRIES LTD,active,58.0,IP28 7DE,IP,repair,26110; 32990; 47910; 95110,,1000,1000,2116
42,16619602,AKARIIT LTD,active,58.0,IP28 7DE,IP,repair,47910; 62020; 62090; 95110,,1000,1000,2116
43,15063402,CHECKMARK LTD,active,58.0,IP28 7DE,IP,repair,43220; 62020; 62030; 95110,,1000,1000,2116
44,16662183,LGATE LIMI LIMITED,active,58.0,IP28 7DE,IP,repair,26200; 38320; 47410; 95110,,1000,1000,2116
45,16640616,HAMPSHIRE HOME SERVICES LTD,active,58.0,IP28 7DE,IP,repair,16230; 62020; 95110; 95220,,1000,1000,2116
46,16233389,CREATIVE VISIONARY MEDIA LTD,active,58.0,IP28 7DE,IP,repair,59112; 62020; 74100; 95110,,1000,1000,2116
47,17003177,HW DIGITAL LTD,active,58.0,IP28 7DE,IP,repair,62012; 62020; 62090; 95110,,1000,1000,2116
48,11533919,AFFINITAS IT LIMITED,active,58.0,IP28 7DE,IP,repair,62030; 62090; 63990; 95110,,1000,1000,2116
49,16580204,REPARA LTD,active,58.0,IP28 7DE,IP,repair,47410; 62090; 85590; 95110,,1000,1000,2116
50,07023876,FUNKY RENEWABLES LTD,active,58.0,IP28 7DE,IP,electrical,33200; 43210; 68100; 72190,,1000,1000,2116
51,14815840,LYSIUN LTD,active,58.0,IP28 7DE,IP,electrical,27900; 33140; 43210; 47190,,1000,1000,2116
52,16641524,ANGRY BEAVERS SOLUTIONS LTD,active,58.0,IP28 7DE,IP,hvac,41201; 41202; 43220; 43999,,1000,1000,2116
53,15896720,YORKSHIRE TELECOM LTD,active,58.0,IP28 7DE,IP,telecom,61100; 61200; 61300; 61900,,1000,1000,2116
54,06224374,TULA GROUP LIMITED,active,58.0,IP28 7DE,IP,telecom,35140; 35230; 61100; 61900,,1000,1000,2116
55,14407675,2ADVENTURE STUDIOS LTD,active,58.0,IP28 7DE,IP,telecom,61100; 62020; 62090; 63110,,1000,1000,2116
56,14311941,PET ELECTRICAL & TELECOMS LTD,active,58.0,IP28 7DE,IP,telecom,33140; 33200; 43210; 61100,,1000,1000,2116
57,15276892,LUSO FIBRE LTD,active,58.0,IP28 7DE,IP,telecom,42220; 61100; 61200; 61900,,1000,1000,2116
58,15236709,NONPROFIT IT C.I.C.,active,58.0,IP28 7DE,IP,telecom,45112; 61100; 62020; 63110,,1000,1000,2116
59,15009587,DSN GROUP LTD,active,58.0,IP28 7DE,IP,telecom,49410; 61100; 61900; 62090,,1000,1000,2116
60,02793527,SYSTEMS MANAGERS LIMITED,active,58.0,IP28 7DE,IP,repair,56290; 62020; 62090; 95110,,1000,1000,2116
61,16596559,BROWNERS IT SERVICES LTD,active,58.0,IP28 7DE,IP,repair,47410; 62090; 95110; 95120,,1000,1000,2116
62,15867377,IT WAREHOUSE LTD,active,58.0,IP28 7DE,IP,repair,42220; 61200; 62090; 95110,,1000,1000,2116
63,17063201,SKYLAB INDUSTRIES LTD,active,58.0,IP28 7DE,IP,repair,26110; 32990; 47910; 95110,,1000,1000,2116
64,16619602,AKARIIT LTD,active,58.0,IP28 7DE,IP,repair,47910; 62020; 62090; 95110,,1000,1000,2116
65,15063402,CHECKMARK LTD,active,58.0,IP28 7DE,IP,repair,43220; 62020; 62030; 95110,,1000,1000,2116
66,16662183,LGATE LIMI LIMITED,active,58.0,IP28 7DE,IP,repair,26200; 38320; 47410; 95110,,1000,1000,2116
67,16640616,HAMPSHIRE HOME SERVICES LTD,active,58.0,IP28 7DE,IP,repair,16230; 62020; 95110; 95220,,1000,1000,2116
68,16233389,CREATIVE VISIONARY MEDIA LTD,active,58.0,IP28 7DE,IP,repair,59112; 62020; 74100; 95110,,1000,1000,2116
69,17003177,HW DIGITAL LTD,active,58.0,IP28 7DE,IP,repair,62012; 62020; 62090; 95110,,1000,1000,2116
70,11533919,AFFINITAS IT LIMITED,active,58.0,IP28 7DE,IP,repair,62030; 62090; 63990; 95110,,1000,1000,2116
71,16580204,REPARA LTD,active,58.0,IP28 7DE,IP,repair,47410; 62090; 85590; 95110,,1000,1000,2116
72,07023876,FUNKY RENEWABLES LTD,active,58.0,IP28 7DE,IP,electrical,33200; 43210; 68100; 72190,,1000,1000,2116
73,14815840,LYSIUN LTD,active,58.0,IP28 7DE,IP,electrical,27900; 33140; 43210; 47190,,1000,1000,2116
74,16641524,ANGRY BEAVERS SOLUTIONS LTD,active,58.0,IP28 7DE,IP,hvac,41201; 41202; 43220; 43999,,1000,1000,2116
75,15896720,YORKSHIRE TELECOM LTD,active,58.0,IP28 7DE,IP,telecom,61100; 61200; 61300; 61900,,1000,1000,2116
76,06224374,TULA GROUP LIMITED,active,58.0,IP28 7DE,IP,telecom,35140; 35230; 61100; 61900,,1000,1000,2116
77,14407675,2ADVENTURE STUDIOS LTD,active,58.0,IP28 7DE,IP,telecom,61100; 62020; 62090; 63110,,1000,1000,2116
78,14311941,PET ELECTRICAL & TELECOMS LTD,active,58.0,IP28 7DE,IP,telecom,33140; 33200; 43210; 61100,,1000,1000,2116
79,15276892,LUSO FIBRE LTD,active,58.0,IP28 7DE,IP,telecom,42220; 61100; 61200; 61900,,1000,1000,2116
80,15236709,NONPROFIT IT C.I.C.,active,58.0,IP28 7DE,IP,telecom,45112; 61100; 62020; 63110,,1000,1000,2116
81,15009587,DSN GROUP LTD,active,58.0,IP28 7DE,IP,telecom,49410; 61100; 61900; 62090,,1000,1000,2116
82,02793527,SYSTEMS MANAGERS LIMITED,active,58.0,IP28 7DE,IP,repair,56290; 62020; 62090; 95110,,1000,1000,2116
83,16596559,BROWNERS IT SERVICES LTD,active,58.0,IP28 7DE,IP,repair,47410; 62090; 95110; 95120,,1000,1000,2116
84,15867377,IT WAREHOUSE LTD,active,58.0,IP28 7DE,IP,repair,42220; 61200; 62090; 95110,,1000,1000,2116
85,17063201,SKYLAB INDUSTRIES LTD,active,58.0,IP28 7DE,IP,repair,26110; 32990; 47910; 95110,,1000,1000,2116
86,16619602,AKARIIT LTD,active,58.0,IP28 7DE,IP,repair,47910; 62020; 62090; 95110,,1000,1000,2116
87,15063402,CHECKMARK LTD,active,58.0,IP28 7DE,IP,repair,43220; 62020; 62030; 95110,,1000,1000,2116
88,16662183,LGATE LIMI LIMITED,active,58.0,IP28 7DE,IP,repair,26200; 38320; 47410; 95110,,1000,1000,2116
89,16640616,HAMPSHIRE HOME SERVICES LTD,active,58.0,IP28 7DE,IP,repair,16230; 62020; 95110; 95220,,1000,1000,2116
90,16233389,CREATIVE VISIONARY MEDIA LTD,active,58.0,IP28 7DE,IP,repair,59112; 62020; 74100; 95110,,1000,1000,2116
91,17003177,HW DIGITAL LTD,active,58.0,IP28 7DE,IP,repair,62012; 62020; 62090; 95110,,1000,1000,2116
92,11533919,AFFINITAS IT LIMITED,active,58.0,IP28 7DE,IP,repair,62030; 62090; 63990; 95110,,1000,1000,2116
93,16580204,REPARA LTD,active,58.0,IP28 7DE,IP,repair,47410; 62090; 85590; 95110,,1000,1000,2116
94,07023876,FUNKY RENEWABLES LTD,active,58.0,IP28 7DE,IP,electrical,33200; 43210; 68100; 72190,,1000,1000,2116
95,14815840,LYSIUN LTD,active,58.0,IP28 7DE,IP,electrical,27900; 33140; 43210; 47190,,1000,1000,2116
96,16641524,ANGRY BEAVERS SOLUTIONS LTD,active,58.0,IP28 7DE,IP,hvac,41201; 41202; 43220; 43999,,1000,1000,2116
97,15896720,YORKSHIRE TELECOM LTD,active,58.0,IP28 7DE,IP,telecom,61100; 61200; 61300; 61900,,1000,1000,2116
98,06224374,TULA GROUP LIMITED,active,58.0,IP28 7DE,IP,telecom,35140; 35230; 61100; 61900,,1000,1000,2116
99,14407675,2ADVENTURE STUDIOS LTD,active,58.0,IP28 7DE,IP,telecom,61100; 62020; 62090; 63110,,1000,1000,2116
100,14311941,PET ELECTRICAL & TELECOMS LTD,active,58.0,IP28 7DE,IP,telecom,33140; 33200; 43210; 61100,,1000,1000,2116
101,15276892,LUSO FIBRE LTD,active,58.0,IP28 7DE,IP,telecom,42220; 61100; 61200; 61900,,1000,1000,2116
102,15236709,NONPROFIT IT C.I.C.,active,58.0,IP28 7DE,IP,telecom,45112; 61100; 62020; 63110,,1000,1000,2116
103,15009587,DSN GROUP LTD,active,58.0,IP28 7DE,IP,telecom,49410; 61100; 61900; 62090,,1000,1000,2116
104,02793527,SYSTEMS MANAGERS LIMITED,active,58.0,IP28 7DE,IP,repair,56290; 62020; 62090; 95110,,1000,1000,2116
105,16596559,BROWNERS IT SERVICES LTD,active,58.0,IP28 7DE,IP,repair,47410; 62090; 95110; 95120,,1000,1000,2116
106,15867377,IT WAREHOUSE LTD,active,58.0,IP28 7DE,IP,repair,42220; 61200; 62090; 95110,,1000,1000,2116
107,17063201,SKYLAB INDUSTRIES LTD,active,58.0,IP28 7DE,IP,repair,26110; 32990; 47910; 95110,,1000,1000,2116
108,16619602,AKARIIT LTD,active,58.0,IP28 7DE,IP,repair,47910; 62020; 62090; 95110,,1000,1000,2116
109,15983351,GLODIEPRINCS TECH LTD,active,58.0,IP28 7DE,IP,repair,85320; 85590; 95110; 96090,,1000,1000,2116
110,15063402,CHECKMARK LTD,active,58.0,IP28 7DE,IP,repair,43220; 62020; 62030; 95110,,1000,1000,2116
111,16662183,LGATE LIMI LIMITED,active,58.0,IP28 7DE,IP,repair,26200; 38320; 47410; 95110,,1000,1000,2116
112,16640616,HAMPSHIRE HOME SERVICES LTD,active,58.0,IP28 7DE,IP,repair,16230; 62020; 95110; 95220,,1000,1000,2116
113,16233389,CREATIVE VISIONARY MEDIA LTD,active,58.0,IP28 7DE,IP,repair,59112; 62020; 74100; 95110,,1000,1000,2116
114,17003177,HW DIGITAL LTD,active,58.0,IP28 7DE,IP,repair,62012; 62020; 62090; 95110,,1000,1000,2116
115,11533919,AFFINITAS IT LIMITED,active,58.0,IP28 7DE,IP,repair,62030; 62090; 63990; 95110,,1000,1000,2116
116,16580204,REPARA LTD,active,58.0,IP28 7DE,IP,repair,47410; 62090; 85590; 95110,,1000,1000,2116
117,10969291,CONRAD (RUNCORN) LIMITED,active,56.9,OX14 1SY,OX,solar,35110; 41100; 82990,,1000,200,2380
118,10969369,CONRAD (LANGAGE) LIMITED,active,56.9,OX14 1SY,OX,solar,35110; 41100; 82990,,1000,200,2380
119,10969530,CONRAD (YEOVIL) LIMITED,active,56.9,OX14 1SY,OX,solar,35110; 41100; 82990,,1000,200,2380
120,10969635,CONRAD (CAERNARFON) LIMITED,active,56.9,OX14 1SY,OX,solar,35110; 41100; 82990,,1000,200,2380
121,10969291,CONRAD (RUNCORN) LIMITED,active,56.9,OX14 1SY,OX,solar,35110; 41100; 82990,,1000,200,2380
122,10969369,CONRAD (LANGAGE) LIMITED,active,56.9,OX14 1SY,OX,solar,35110; 41100; 82990,,1000,200,2380
123,10969530,CONRAD (YEOVIL) LIMITED,active,56.9,OX14 1SY,OX,solar,35110; 41100; 82990,,1000,200,2380
124,10969635,CONRAD (CAERNARFON) LIMITED,active,56.9,OX14 1SY,OX,solar,35110; 41100; 82990,,1000,200,2380
125,10969291,CONRAD (RUNCORN) LIMITED,active,56.9,OX14 1SY,OX,solar,35110; 41100; 82990,,1000,200,2380
126,10969369,CONRAD (LANGAGE) LIMITED,active,56.9,OX14 1SY,OX,solar,35110; 41100; 82990,,1000,200,2380
127,10969530,CONRAD (YEOVIL) LIMITED,active,56.9,OX14 1SY,OX,solar,35110; 41100; 82990,,1000,200,2380
128,10969635,CONRAD (CAERNARFON) LIMITED,active,56.9,OX14 1SY,OX,solar,35110; 41100; 82990,,1000,200,2380
129,10969291,CONRAD (RUNCORN) LIMITED,active,56.9,OX14 1SY,OX,solar,35110; 41100; 82990,,1000,200,2380
130,10969369,CONRAD (LANGAGE) LIMITED,active,56.9,OX14 1SY,OX,solar,35110; 41100; 82990,,1000,200,2380
131,10969530,CONRAD (YEOVIL) LIMITED,active,56.9,OX14 1SY,OX,solar,35110; 41100; 82990,,1000,200,2380
132,10969635,CONRAD (CAERNARFON) LIMITED,active,56.9,OX14 1SY,OX,solar,35110; 41100; 82990,,1000,200,2380
133,10969291,CONRAD (RUNCORN) LIMITED,active,56.9,OX14 1SY,OX,solar,35110; 41100; 82990,,1000,200,2380
134,10969369,CONRAD (LANGAGE) LIMITED,active,56.9,OX14 1SY,OX,solar,35110; 41100; 82990,,1000,200,2380
135,10969530,CONRAD (YEOVIL) LIMITED,active,56.9,OX14 1SY,OX,solar,35110; 41100; 82990,,1000,200,2380
136,10969635,CONRAD (CAERNARFON) LIMITED,active,56.9,OX14 1SY,OX,solar,35110; 41100; 82990,,1000,200,2380
137,NI672083,PROJECT SUPPORT CONSULTANTS (N.I.) LTD,active,56.6,BT5 5AD,BT,construction,41100; 41201; 71121; 71122,,1000,400,6794
138,NI672083,PROJECT SUPPORT CONSULTANTS (N.I.) LTD,active,56.6,BT5 5AD,BT,construction,41100; 41201; 71121; 71122,,1000,400,6794
139,NI672083,PROJECT SUPPORT CONSULTANTS (N.I.) LTD,active,56.6,BT5 5AD,BT,construction,41100; 41201; 71121; 71122,,1000,400,6794
140,NI672083,PROJECT SUPPORT CONSULTANTS (N.I.) LTD,active,56.6,BT5 5AD,BT,construction,41100; 41201; 71121; 71122,,1000,400,6794
141,NI672083,PROJECT SUPPORT CONSULTANTS (N.I.) LTD,active,56.6,BT5 5AD,BT,construction,41100; 41201; 71121; 71122,,1000,400,6794
142,16040710,NEW LOOK REFORMS LIMITED,active,56.5,E1 0SG,E1,electrical,41202; 43210; 43220; 43310,,1000,400,3550
143,16044618,DESIGN AND RENEW LIFE LIMITED,active,56.5,E1 0SG,E1,electrical,41202; 43210; 43220; 43310,,1000,400,3550
144,16040710,NEW LOOK REFORMS LIMITED,active,56.5,E1 0SG,E1,hvac,41202; 43210; 43220; 43310,,1000,400,3550
145,16044618,DESIGN AND RENEW LIFE LIMITED,active,56.5,E1 0SG,E1,hvac,41202; 43210; 43220; 43310,,1000,400,3550
146,12040417,ALPHA GRIMSBY LTD,active,56.5,E1 0SG,E1,solar,35110; 35120; 35140; 42220,,1000,400,3550
147,17167652,NKISI HOLDINGS LTD,active,56.5,E1 0SG,E1,solar,35110; 41100; 62020; 64209,,1000,400,3550
148,12040590,BETA SOUTHMOOR LTD,active,56.5,E1 0SG,E1,solar,35110; 35120; 35140; 42220,,1000,400,3550
149,15956652,EASTONROCK ENERGY LTD,active,56.5,E1 0SG,E1,solar,09100; 35110; 35140; 35230,,1000,400,3550
150,17139328,EBOHORA LIMITED,active,56.5,E1 0SG,E1,solar,35110; 47910; 62012; 68209,,1000,400,3550
151,16628913,FORTITUDE OPTICS LTD,active,56.5,E1 0SG,E1,telecom,61100; 61200; 61300; 61900,,1000,400,3550
152,14211544,MTRL GROUP LIMITED,active,56.5,E1 0SG,E1,telecom,61100; 61900; 63110; 70100,,1000,400,3550
153,14824298,WIDE NETWORK LTD,active,56.5,E1 0SG,E1,telecom,61100; 61200; 61300; 61900,,1000,400,3550
154,14184940,MARIO COMMUNICATIONS LTD,active,56.5,E1 0SG,E1,telecom,61100; 61200; 61300; 61900,,1000,400,3550
155,16082183,WYNERGY FIBRE SOLUTIONS LTD,active,56.5,E1 0SG,E1,telecom,61100; 62012; 62090; 63110,,1000,400,3550
156,14669903,CADAINE LTD,active,56.5,E1 0SG,E1,construction,41100; 42110; 55201; 55900,,1000,400,3550
157,15806638,O B BUILDING AND CARPENTRY LTD,active,56.5,E1 0SG,E1,construction,41100; 41202; 43320; 43390,,1000,400,3550
158,16040710,NEW LOOK REFORMS LIMITED,active,56.5,E1 0SG,E1,electrical,41202; 43210; 43220; 43310,,1000,400,3550
159,16044618,DESIGN AND RENEW LIFE LIMITED,active,56.5,E1 0SG,E1,electrical,41202; 43210; 43220; 43310,,1000,400,3550
160,16040710,NEW LOOK REFORMS LIMITED,active,56.5,E1 0SG,E1,hvac,41202; 43210; 43220; 43310,,1000,400,3550
161,16044618,DESIGN AND RENEW LIFE LIMITED,active,56.5,E1 0SG,E1,hvac,41202; 43210; 43220; 43310,,1000,400,3550
162,12040417,ALPHA GRIMSBY LTD,active,56.5,E1 0SG,E1,solar,35110; 35120; 35140; 42220,,1000,400,3550
163,17167652,NKISI HOLDINGS LTD,active,56.5,E1 0SG,E1,solar,35110; 41100; 62020; 64209,,1000,400,3550
164,12040590,BETA SOUTHMOOR LTD,active,56.5,E1 0SG,E1,solar,35110; 35120; 35140; 42220,,1000,400,3550
165,15956652,EASTONROCK ENERGY LTD,active,56.5,E1 0SG,E1,solar,09100; 35110; 35140; 35230,,1000,400,3550
166,17139328,EBOHORA LIMITED,active,56.5,E1 0SG,E1,solar,35110; 47910; 62012; 68209,,1000,400,3550
167,16628913,FORTITUDE OPTICS LTD,active,56.5,E1 0SG,E1,telecom,61100; 61200; 61300; 61900,,1000,400,3550
168,14211544,MTRL GROUP LIMITED,active,56.5,E1 0SG,E1,telecom,61100; 61900; 63110; 70100,,1000,400,3550
169,14824298,WIDE NETWORK LTD,active,56.5,E1 0SG,E1,telecom,61100; 61200; 61300; 61900,,1000,400,3550
170,14184940,MARIO COMMUNICATIONS LTD,active,56.5,E1 0SG,E1,telecom,61100; 61200; 61300; 61900,,1000,400,3550
171,16082183,WYNERGY FIBRE SOLUTIONS LTD,active,56.5,E1 0SG,E1,telecom,61100; 62012; 62090; 63110,,1000,400,3550
172,14669903,CADAINE LTD,active,56.5,E1 0SG,E1,construction,41100; 42110; 55201; 55900,,1000,400,3550
173,15806638,O B BUILDING AND CARPENTRY LTD,active,56.5,E1 0SG,E1,construction,41100; 41202; 43320; 43390,,1000,400,3550
174,16040710,NEW LOOK REFORMS LIMITED,active,56.5,E1 0SG,E1,electrical,41202; 43210; 43220; 43310,,1000,400,3550
175,16044618,DESIGN AND RENEW LIFE LIMITED,active,56.5,E1 0SG,E1,electrical,41202; 43210; 43220; 43310,,1000,400,3550
176,16040710,NEW LOOK REFORMS LIMITED,active,56.5,E1 0SG,E1,hvac,41202; 43210; 43220; 43310,,1000,400,3550
177,16044618,DESIGN AND RENEW LIFE LIMITED,active,56.5,E1 0SG,E1,hvac,41202; 43210; 43220; 43310,,1000,400,3550
178,12040417,ALPHA GRIMSBY LTD,active,56.5,E1 0SG,E1,solar,35110; 35120; 35140; 42220,,1000,400,3550
179,17167652,NKISI HOLDINGS LTD,active,56.5,E1 0SG,E1,solar,35110; 41100; 62020; 64209,,1000,400,3550
180,12040590,BETA SOUTHMOOR LTD,active,56.5,E1 0SG,E1,solar,35110; 35120; 35140; 42220,,1000,400,3550
181,15956652,EASTONROCK ENERGY LTD,active,56.5,E1 0SG,E1,solar,09100; 35110; 35140; 35230,,1000,400,3550
182,17139328,EBOHORA LIMITED,active,56.5,E1 0SG,E1,solar,35110; 47910; 62012; 68209,,1000,400,3550
183,16628913,FORTITUDE OPTICS LTD,active,56.5,E1 0SG,E1,telecom,61100; 61200; 61300; 61900,,1000,400,3550
184,14211544,MTRL GROUP LIMITED,active,56.5,E1 0SG,E1,telecom,61100; 61900; 63110; 70100,,1000,400,3550
185,14824298,WIDE NETWORK LTD,active,56.5,E1 0SG,E1,telecom,61100; 61200; 61300; 61900,,1000,400,3550
186,14184940,MARIO COMMUNICATIONS LTD,active,56.5,E1 0SG,E1,telecom,61100; 61200; 61300; 61900,,1000,400,3550
187,16082183,WYNERGY FIBRE SOLUTIONS LTD,active,56.5,E1 0SG,E1,telecom,61100; 62012; 62090; 63110,,1000,400,3550
188,14669903,CADAINE LTD,active,56.5,E1 0SG,E1,construction,41100; 42110; 55201; 55900,,1000,400,3550
189,15806638,O B BUILDING AND CARPENTRY LTD,active,56.5,E1 0SG,E1,construction,41100; 41202; 43320; 43390,,1000,400,3550
190,16040710,NEW LOOK REFORMS LIMITED,active,56.5,E1 0SG,E1,electrical,41202; 43210; 43220; 43310,,1000,400,3550
191,16044618,DESIGN AND RENEW LIFE LIMITED,active,56.5,E1 0SG,E1,electrical,41202; 43210; 43220; 43310,,1000,400,3550
192,16040710,NEW LOOK REFORMS LIMITED,active,56.5,E1 0SG,E1,hvac,41202; 43210; 43220; 43310,,1000,400,3550
193,16044618,DESIGN AND RENEW LIFE LIMITED,active,56.5,E1 0SG,E1,hvac,41202; 43210; 43220; 43310,,1000,400,3550
194,12040417,ALPHA GRIMSBY LTD,active,56.5,E1 0SG,E1,solar,35110; 35120; 35140; 42220,,1000,400,3550
195,17167652,NKISI HOLDINGS LTD,active,56.5,E1 0SG,E1,solar,35110; 41100; 62020; 64209,,1000,400,3550
196,12040590,BETA SOUTHMOOR LTD,active,56.5,E1 0SG,E1,solar,35110; 35120; 35140; 42220,,1000,400,3550
197,15956652,EASTONROCK ENERGY LTD,active,56.5,E1 0SG,E1,solar,09100; 35110; 35140; 35230,,1000,400,3550
198,17139328,EBOHORA LIMITED,active,56.5,E1 0SG,E1,solar,35110; 47910; 62012; 68209,,1000,400,3550
199,16628913,FORTITUDE OPTICS LTD,active,56.5,E1 0SG,E1,telecom,61100; 61200; 61300; 61900,,1000,400,3550
200,14211544,MTRL GROUP LIMITED,active,56.5,E1 0SG,E1,telecom,61100; 61900; 63110; 70100,,1000,400,3550
