vertical,city,businessName,phone,address,rating,reviewCount,website,company_number,company_name,company_status,company_type,incorporation_date,sic_codes,registered_address,directors,directors_count,psc_names,total_filings,last_filing,company_age_days,is_active,has_charges,has_insolvency
lashes,London,Holbornlash&brow studio,07419 764915,"97 Southampton Row, London, WC1B 4HH",4.9,156,https://hehebeautybar.nl/,16374195,AAAG STUDIOS LTD,dissolved,ltd,2025-04-08,62011,15 Octavian Road Dunstable LU5 6GR,"ALI, Asad (since 2025-04-08)",1,Mr Asad Ali,4,2026-07-21,533,0,0,0
lashes,London,The Lash Lab London,07903 688686,"Compton Ave, London, HA0 3FD",5,300,https://instagram.com/thelashlabldn?igshid=YmMyMTA2M2Y=,12272979,THE LASH LAB LONDON LTD,active,ltd,2019-10-21,96020,6 Compton Avenue Wembley HA0 3FD,"PATEL, Nikkita Atulkumar (since 2019-10-21); PRENDERGAST, Simone Nadine (since 2019-10-21)",2,Miss Nikkita Atulkumar Patel,18,2026-07-31,2529,1,0,0
lashes,London,Jiemao Lashes & Brows,020 7613 4342,"6, cleeve workshops, Boundary St, London E2 7HJ",4.7,433,https://jiemaolashes.com/,10255960,JIEMAO JIEMAO LASHES AND BEAUTY LTD,active,ltd,2016-06-29,96020,10255960 - COMPANIES HOUSE DEFAULT ADDRESS Cardiff CF14 8LH,"BROADMAN, Salina (since 2017-02-21); BOARDMAN, Nicholas (since 2018-03-29); BOARDMAN, Nicholas (since 2018-03-29); BOARDMAN, Nicholas (since 2016-06-29)",4,Miss Salina Vu,24,2024-02-29,3738,1,0,0
lashes,London,Blinkfairy Eyelash Extensions London,07919 884794,"45 Circus Rd, London, NW8 9JH",4.9,157,https://blinkfairy.co.uk/?utm_source=google&utm_medium=maps,15944605,ALTRINCHAM EYELASH EXTENSIONS LTD,dissolved,ltd,2024-09-09,96020,75 Brunswick Road Altrincham WA14 1LP,"GOMEZ GARCIA, Ainhoa (since 2024-09-09)",1,Ainhoa Gomez Garcia,4,2026-01-27,744,0,0,0
lashes,London,RC AESTHETICS & LASH |Bespoke Eyelash Extensions City of London,07517 356519,"Spaces -Liverpool Street 35 New Broad Street 2 min walk from Liverpool Street, London, EC2M 1NH",5,83,http://www.rclash.com/,12027661,COCO HAIR AND LASH BAR T/A RUSSIAN EYELASH EXTENSIONS LIMITED,dissolved,ltd,2019-06-03,96020,Studio 210 134-146 Curtain Road London EC2A 3AR,"MCANESPIE, Jemma (since 2019-06-03)",1,Jemma Mcanespie,4,2021-03-23,2669,0,0,0
lashes,London,London lash art,07469 885058,"157 Essex Road, Greater, London, N1 2SN",4.8,46,https://londonlashart.mytreatwell.co.uk/,14935416,FLORENTINA COLDEA LASHES & PMU ARTIST LTD,active,ltd,2023-06-14,96020,531b Harlestone Road Northampton NN5 6NX,"COLDEA, Florentina (since 2023-06-14)",1,Mrs Florentina Coldea,8,2026-07-01,1197,1,0,0
car_detailers,London,Auto Detailing London,020 8073 1802,"29 Parbury Road Forest Hill London, Forest Hill, SE23 1NZ",5,123,https://autodetailinglondon.co.uk/,16023027,AA AUTO CARE & DETAILING LTD,active,ltd,2024-10-16,45200,Whiteley Arches Garage Oxenhope HX7 6NG,"ISLAM, Sunneyna Kauser (since 2024-10-16)",1,Miss Sunneyna Kauser Islam,7,2026-06-25,707,1,0,0
car_detailers,London,RR London Detailing,07707 523500,"249 Queenstown Rd, London, SW8 3NP",5,256,https://rrlondondetailing.co.uk/,16687170,RR LONDON DETAILING LTD,active,ltd,2025-09-01,"45112,45200,45320,81222",249-253 Queenstown Road London SW8 3NP,"AMEEN, Bahkteyar Mustafa (since 2025-09-01); KORYTOWSKI, Konrad Pawel (since 2025-09-01); RYAN, John Stanley (since 2025-09-01)",3,Mr Bahkteyar Mustafa Ameen,4,2026-07-30,387,1,0,0
car_detailers,London,Prestige car detailing London,020 3807 4067,"38 Copeman Cl, London, SE26 6EZ",5,79,https://autodetailinglondon.co.uk/,16769880,LOAKS CATERING & EVENTS LTD,active,ltd,2025-10-07,45200,First Floor Unit L Wibtoft LE17 5BH,"GRIFFIN, Luke Daniel (since 2025-10-07); MANSFIELD, Gemma Lesley (since 2025-10-07)",2,Mr Luke Daniel Griffin; Miss Gemma Lesley Mansfield,8,2026-07-16,351,1,0,0
car_detailers,London,Diamond car detailing camberwell,020 3769 9815,"7 Parkhouse St, London, SE5 7TQ",5,80,https://autodetailinglondon.co.uk/,12679287,DIAMOND CAR DETAILING LTD,active,ltd,2020-06-18,"81222,81299",32 Brooke Road London N16 7LS,"MIAH, Mohammed Abdar (since 2020-06-18)",1,Mr Mohammed Abdar Miah,13,2026-07-01,2288,1,0,0
car_detailers,London,Auto detailing Hackney,020 3807 4112,"3 Darnley Rd, London, E9 6QH",5,80,https://autodetailinglondon.co.uk/car-detailing-hackney,09574766,HACKNEY STRUCTURAL STEEL DETAILING SERVICES LTD,active,ltd,2015-05-05,74100,Capital House 61 Amhurst Road London E8 1LL,"SALITRA, Cristian Lucian (since 2015-05-05); SALITRA, Ionut Catalin (since 2019-09-28); VALIYAKULAM GOPY, Jeemon (since 2022-09-26)",3,,25,2026-04-03,4159,1,0,0
car_detailers,London,Superior Finish Mobile Car Detailing London,020 8073 2352,"212 Goswell Rd., London, EC1V 7ET",5,26,http://superiorfinishautocardetailing.site/,13489674,SRTC COURIER LTD,dissolved,ltd,2021-07-02,49410,Deacon Basra Accountants 5 Ivegate Leeds LS19 7RE,"CLARKE, Owen Liam (since 2021-07-02)",1,Owen Liam Clarke,8,2023-11-07,1909,0,0,0
car_detailers,London,Auto detailing Lambeth,020 3769 3668,"1 Stables Way, London, SE11 5UJ",5,104,https://autodetailinglondon.co.uk/car-detailing-lambeth,16023027,AA AUTO CARE & DETAILING LTD,active,ltd,2024-10-16,45200,Whiteley Arches Garage Oxenhope HX7 6NG,"ISLAM, Sunneyna Kauser (since 2024-10-16)",1,Miss Sunneyna Kauser Islam,7,2026-06-25,707,1,0,0
car_detailers,London,KC Details,07426 505186,"15-17 Clyston St, Nine Elms, London, SW8 4TT",4.9,159,https://kcdetails.co.uk/,14457183,ACE OF DETAILS LTD,active,ltd,2022-11-02,45112,71-75 Shelton Street London WC2H 9JQ,"GULFARAZ, Azar (since 2026-07-20); GULFARAZ, Faisal (since 2022-11-02)",2,Azar Gulfaraz,12,2026-07-21,1421,1,0,0
car_detailers,London,Royal gloss car detailing,020 3807 8728,"Blackhorse Rd, London, SE8 5HY",5,61,https://autodetailinglondon.co.uk/,15745209,GIMME GLOSS DETAILING LTD,active,ltd,2024-05-28,45200,22 Printers Drive Cradley Heath B64 6AP,"BENSON, Jeremy Charles (since 2024-05-28)",1,Mr Jeremy Charles Benson,5,2026-06-03,848,1,0,0
car_detailers,London,Elite Detailing & Protection(EDP),0121 744 4878,"Knightsbridge Car Park, Kinnerton St, London, SW1X 8EA",5,52,http://www.elitedetailing.co.uk/,SC727720,DKC ELITE VALETING & DETAILING LIMITED,dissolved,ltd,2022-03-28,81222,79 Thomson Crescent Prestonpans EH32 0AT,"CHERRIE, David Gordon Dominic (since 2022-03-28)",1,Mr David Gordon Dominic Cherrie,4,2025-11-04,1640,0,0,0
car_detailers,London,Sapoo Mobile Car Valet & Detailing In London,,"8 Penywern Rd, London, SW5 9ST",5,331,https://sapoo.co.uk/,13273156,BP MOBILE CAR VALETING & DETAILING LTD,active,ltd,2021-03-17,96090,Flat 9 Priors Barn House Worcester Park KT4 8FD,"PLLANA, Burim (since 2021-03-17)",1,Mr Burim Pllana,24,2026-06-03,2016,1,0,0
car_detailers,London,Bellissimoto,020 7237 6505,"36 Raymouth Rd, London, SE16 2DB",5,205,http://www.bellissimoto.london/,07776209,BELLISSIMOTO LTD,active,ltd,2011-09-16,45200,"Unit 7, The Glade Business Centre Eastern Avenue Grays RM20 3FH","YOUNG, Andrew (since 2011-09-16)",1,Mr Andrew Young,25,2026-07-27,5486,1,0,0
car_detailers,London,Jewels Passion Detailing,020 3633 8156,"297 Clare St, London, E2 9HD",4.9,147,http://www.jewelspassion.co.uk/,13216023,JEWELS PASSION DETAILING LTD,active,ltd,2021-02-22,45200,297 Clare Street London E2 9HD,"ALI, Jewel Ahmed (since 2021-02-22)",1,Mr Jewel Ahmed Ali,21,2026-03-02,2039,1,0,0
car_detailers,London,VroomGroom Car Wash and Detailing,07846 997026,"452 Holloway Rd, London, N7 6QA",5,42,http://www.vroomgroom.uk/,16595949,BEST HAND CAR WASH AND DETAILING CENTER LIMITED,active,ltd,2025-07-21,96090,32 Bowring Park Road Liverpool L14 3PA,"HARUN, Ali (since 2025-07-21)",1,Mr Ali Harun,2,2025-07-23,429,1,0,0
car_detailers,London,JC Auto Detailing London,07424 731058,,5,91,https://instagram.com/jcautodetailinglondon?,10897397,JC AUTOS LONDON LTD,active,ltd,2017-08-03,45112,239b Preston Road Wembley HA9 8PE,"CONSTANTINI, Jaad (since 2017-08-03)",1,Mr Jaad Constantini,25,2026-08-14,3338,1,0,0
car_detailers,London,Topaz Detailing | Luxury Car Detailing and Paint Protection Film Specialists,020 8961 9951,"Unit 13, 7 Premier Park Rd, London, NW10 7NZ",4.8,298,http://www.topazdetailing.com/,09547531,CARDIFF PAINT PROTECTION & DETAILING LIMITED,dissolved,ltd,2015-04-17,,Unit 4 Excelsior Road Cardiff CF14 3AT,"CLEMETT, Jonathan (since 2015-04-17); DAVIES, John (since 2015-04-17)",2,,3,2016-09-27,4177,0,0,0
car_detailers,London,AP Car Spa,020 3960 2476,"Edith Grove, London, SW10 0ED",4.9,14,https://apcarspa.co.uk/,16385450,AP CAR SPA LTD,active,ltd,2025-04-14,"45200,96090",Chelsea London Car Park London SW10 0ED,"HUSSAIN, Tariq (since 2025-04-14)",1,Mr Tariq Hussain,2,2025-08-06,527,1,0,0
car_detailers,London,Ks spotless car detailing london,07482 468968,,5,37,https://ksspotlessdetailing.com/,09062896,SPOTLESS DETAILING LIMITED,active,ltd,2014-05-30,80100,Assured Harriott Drive Warwick CV34 6TJ,"CRENSTIL ADDAE, Emanuel (since 2016-06-15); EVANS, Heath Simon (since 2014-05-30); NIEMCZYK, Tomas (since 2018-01-16); RUSSELL, Colin (since 2018-01-16)",4,Assured Group Investments Limited,25,2025-12-17,4499,1,0,0
car_detailers,London,BP Mobile Car Valeting & Detailing,07848 484050,"3 Greyhound Rd, London, W6 8NH",4.9,121,https://bpmobilevaleting.co.uk/,13273156,BP MOBILE CAR VALETING & DETAILING LTD,active,ltd,2021-03-17,96090,Flat 9 Priors Barn House Worcester Park KT4 8FD,"PLLANA, Burim (since 2021-03-17)",1,Mr Burim Pllana,24,2026-06-03,2016,1,0,0
car_detailers,London,Medusa Auto Detailing - Mobile Car Valeting London I Mobile Car Wash,020 3355 6435,"Alveston Ave, Harrow, HA3 8TG",4.9,413,http://www.medusaautodetailing.co.uk/,13482428,D I P MOBILE CAR WASH & VALETING LIMITED,active,ltd,2021-06-29,81222,16 Bramble Avenue Milton Keynes MK14 7AN,"PAICU, Daniel Ionut (since 2025-10-02); GJETA, Ervin (since 2021-06-29); HASANAJ, Daniel (since 2021-07-02)",3,Daniel-Ionut Paicu,21,2025-10-15,1912,1,0,0
driving_instructors,London,London Driving School,07533 296002,"2, Burford House, Stockwell Rd, London SW9 9PU",5,562,https://www.thelondondrivingschool.uk/,08514059,LONDON DRIVING SCHOOL LTD,active,ltd,2013-05-02,85530,2 Burford House Stockwell SW9 9PU,"ADU-SARKODIE, Emmanuel (since 2013-05-02)",1,Mr Emmanuel Adu-Sarkodie,25,2026-06-18,4892,1,0,0
driving_instructors,London,West London Driving School,07507 594824,"62 Gloucester Gardens, London, W2 6BN",5,117,https://westlondondrivingschool.co.uk/,11648082,WEST LONDON DRIVING SCHOOL LTD,dissolved,ltd,2018-10-29,85530,62 Flat E Gloucester Gardens London W2 6BN,"MIAH, Mohammed Koys (since 2018-10-29)",1,Mr Mohammed Koys Miah,9,2020-09-29,2886,0,0,0
driving_instructors,London,LIDT,020 7125 0298,"355 Commercial Rd, Stepney Green, London, E1 2PS",4.9,1810,https://lidt.co.uk/,14143876,LIDT LTD,dissolved,ltd,2022-05-31,85530,Suite G The Clock House Barking IG11 8EQ,"SAMAD, Abdus (since 2022-05-31)",1,Mr Abdus Samad,9,2024-04-23,1576,0,0,0
driving_instructors,London,London City Driving School,07973 305688,"Henry House, 275 New N Rd, London, N1 7AA",5,108,https://londoncitydrivingschool.co.uk/,15788760,LONDON CITY DRIVING SCHOOL LTD,active,ltd,2024-06-19,85530,Flat 22 Hayward House London E5 8AU,"NZAU, Mardoche (since 2024-06-19)",1,Mardoche Nzau,5,2026-07-01,826,1,0,0
driving_instructors,London,Kensington Driving School,07796 917373,"Kensington High St, London, W8 5ED",5,96,http://www.kensingtondrivinglesson.co.uk/,17357556,KENSINGTON HOUSE SCHOOL LTD,active,ltd,2026-07-23,"85200,85590",216 Whitegate Drive Blackpool FY3 9JL,"ROSSIE, Daniel Peter (since 2026-07-23)",1,Mr Daniel Peter Rossie,1,2026-07-23,62,1,0,0
driving_instructors,London,East London's Finest Driving School,07884 776977,"31 White Horse Ln, London, E1 3NE",4.9,461,https://elfdrivingschool.co.uk/,12122756,FINEST DRIVING SCHOOL LTD,active,ltd,2019-07-25,85530,34 Cotton Meadows Bolton BL1 8GA,"AHMAD, Haziq (since 2019-07-25)",1,Mr Haziq Ahmad,18,2026-07-31,2617,1,0,0
driving_instructors,London,Pimlico Driving School Ltd,07939 910915,"Unit 1, Ebury Edge, 43 Ebury Bridge Rd, London SW1W 8DX",4.9,308,https://www.pimlicodrivingschool.uk/,15945944,PIMLICO DRIVING SCHOOL LTD,active,ltd,2024-09-09,85530,"Unit 1, Ebury Edge London SW1W 8DX","TAHSIL, Hadia (since 2024-09-09)",1,Ms Hadia Tahsil,6,2026-09-18,744,1,0,0
driving_instructors,London,1Driving.co.uk Driving School,07950 994411,"82 Lovett Way, London, NW10 0UN",4.9,354,http://www.1driving.co.uk/,17371220,AAA DRIVING SCHOOL LTD,active,ltd,2026-07-30,85530,11 Birch Tree Walk Watford WD17 4SH,"ASLAM, Kamran (since 2026-07-30)",1,Kamran Aslam,1,2026-07-30,55,1,0,0
driving_instructors,London,Mutual Driving School Driving Lessons in East London,020 8880 7548,"415 Wick Ln, Bow, London, E3 2JG",4.9,1318,https://www.mutualdrivingschool.co.uk/,14016170,EAST LONDON DRIVING SCHOOL LTD,dissolved,ltd,2022-03-31,85530,28 Russell Road London E16 3QS,"RAHAT, Md Fokrul Abedin (since 2022-03-31); RAHMAN, Md Shajidur (since 2022-03-31)",2,Mr Md Shajidur Rahman; Mr Md Fokrul Abedin Rahat,11,2023-03-07,1637,0,0,0
driving_instructors,London,Drive Smart Driving School,07458 309157,"Ashmore Rd, London, W9 3DA",5,176,http://www.drivesmart.website/,14107745,DRIVE CITY DRIVING SCHOOL LTD,active,ltd,2022-05-15,85530,24 Langdale Drive Hayes UB4 8SU,"SINGH, Iqbal (since 2022-05-15)",1,Mr Iqbal Singh,9,2026-07-11,1592,1,0,0
driving_instructors,London,Ahmad Driving School,07809 432014,"15 Camden Rd, London, NW1 9LQ",5,282,https://ads.areacar.eu/,10149711,AHMAD DRIVING LIMITED,dissolved,ltd,2016-04-27,49390,4 Portsmouth Road Godalming GU8 5DW,"AHMAD, Benjamin (since 2016-04-27)",1,Mr Benjamin Ahmad,9,2018-08-28,3801,0,0,0
driving_instructors,London,Marylebone Sohel's driving school,07931 952281,"Flat 4, No public access, 132 Seymour Pl, London W1H 1NS",5,393,http://www.sohelsdrivingschool.co.uk/,16158113,ALYSSIA FLEUR MARYLEBONE SCHOOL OF DANCE LTD,active,ltd,2024-12-31,85520,3 Melrose Crescent Harrogate HG3 3SW,"SYKES, Alyssia Fleur (since 2024-12-31)",1,Ms Alyssia Fleur Sykes,3,2026-03-30,631,1,0,0
driving_instructors,London,AAA Driving School,07985 126999,"24 Watney Mkt, London, E1 2PR",5,740,http://www.aaadriving.co.uk/,17371220,AAA DRIVING SCHOOL LTD,active,ltd,2026-07-30,85530,11 Birch Tree Walk Watford WD17 4SH,"ASLAM, Kamran (since 2026-07-30)",1,Kamran Aslam,1,2026-07-30,55,1,0,0
driving_instructors,London,Herne Hill Driving School,07950 780298,"Oborne Cl, London, SE24 0HB",4.8,1026,https://www.hernehill-drivingschool.co.uk/,17193597,HERNE HILL DRIVING SCHOOL LTD,active,ltd,2026-05-01,85530,35 Coventry Road Tonbridge TN10 4QB,"WESTERN, Sarah Susan (since 2026-05-01)",1,Miss Sarah Susan Western,1,2026-05-01,145,1,0,0
driving_instructors,London,South East London Driving School,07771 779878,"6 Susan Rd, London, SE3 0JD",5,194,http://www.selondondrivingschool.co.uk/,14016170,EAST LONDON DRIVING SCHOOL LTD,dissolved,ltd,2022-03-31,85530,28 Russell Road London E16 3QS,"RAHAT, Md Fokrul Abedin (since 2022-03-31); RAHMAN, Md Shajidur (since 2022-03-31)",2,Mr Md Shajidur Rahman; Mr Md Fokrul Abedin Rahat,11,2023-03-07,1637,0,0,0
driving_instructors,London,Docklands Driving School LTD,020 7127 4893,"Docklands Driving School, 85 Myrdle St, London, E1 1HQ",4.7,358,http://www.docklandsdriving.co.uk/,09467686,DOCKLANDS DRIVING SCHOOL LTD,active,ltd,2015-03-03,85530,85 Myrdle Street The Whitechapel Centre London E1 1HQ,"AHMED, Anam (since 2015-03-03)",1,Mr Anam Ahmed,25,2026-03-24,4222,1,0,0
driving_instructors,London,DriveThruL Driving School,020 3397 7273,"1Q, 12, 12 Tiller Rd, London E14 8PX",4.9,794,https://www.drivethrul.co.uk/,17371220,AAA DRIVING SCHOOL LTD,active,ltd,2026-07-30,85530,11 Birch Tree Walk Watford WD17 4SH,"ASLAM, Kamran (since 2026-07-30)",1,Kamran Aslam,1,2026-07-30,55,1,0,0
driving_instructors,London,Holborn School of Motoring,020 7837 9707,"178 Clerkenwell Rd, London, EC1R 5DD",4.8,434,https://www.holborndrivingschool.co.uk/,08945710,A  & M SCHOOL OF MOTORING LIMITED,active,ltd,2014-03-18,85530,67 Eastover Road Bristol BS39 6HZ,"LEONARD, Matthew Paul (since 2014-03-18); CARTER, John (since 2014-03-18)",2,Mr Matthew Paul Leonard,25,2026-05-27,4572,1,0,0
driving_instructors,London,Chelsea Driving School Ltd,07510 145166,,4.9,752,http://www.chelseadrivingschool.co.uk/,07839277,CHELSEA DRIVING SCHOOL LTD,active,ltd,2011-11-08,85530,16a Rusham Road London SW12 8TH,"RISLEY, Philip John (since 2011-11-08); DEVINE, Ian (since 2012-02-26)",2,Mr Philip John Risley,25,2025-11-11,5433,1,0,0
driving_instructors,London,6S Driving School,07948 000755,"10 Lipton Rd, London, E1 0LJ",5,173,https://6sdrivingschool.com/,17371220,AAA DRIVING SCHOOL LTD,active,ltd,2026-07-30,85530,11 Birch Tree Walk Watford WD17 4SH,"ASLAM, Kamran (since 2026-07-30)",1,Kamran Aslam,1,2026-07-30,55,1,0,0
gardeners,London,Garden Services London Green,07922 659665,"2 Pembridge Pl, London, W2 4XB",5,22,https://www.garden-services-london.co.uk/,16264550,GREEN GARDEN LONDON LTD,dissolved,ltd,2025-02-19,71112,1 Goat Wharf Apartment 6 1 Goat Wharf Brentford TW8 0AS,"VAHEDIANBOURAN, Saeed (since 2025-02-19)",1,Mr Saeed Vahedianbouran,5,2026-07-14,581,0,0,0
gardeners,London,Holland Park Gardener,07749 469410,"145 Holland Park Ave, London, W11 4UT",5,58,https://myownweb.uk/gardener/,12982027,HOLLAND PARK GARDENERS LTD,dissolved,ltd,2020-10-28,81300,"Flat 13, 72, Citizen House Hornsey Road London N7 7ND","KOLAVERI, Klodian (since 2020-10-28)",1,Klodian Kolaveri,4,2021-05-04,2156,0,0,0
gardeners,London,Handy Gardeners,020 3744 0111,"53A Bollo Ln, London, W4 5LS",3.9,303,http://handygardeners.com/,15744494,AAA LANDSCAPE GARDENERS LTD,dissolved,ltd,2024-05-27,81300,15744494 - COMPANIES HOUSE DEFAULT ADDRESS Cardiff CF14 8LH,"HONEYMAN, Ambrose (since 2024-05-27)",1,Mr Ambrose Honeyman,9,2026-07-21,849,0,0,0
gardeners,London,Harry's Gardeners,020 8158 8546,"87 Bloemfontein Rd, London, W12 7DA",,,http://harrysgardeners.co.uk/,15744494,AAA LANDSCAPE GARDENERS LTD,dissolved,ltd,2024-05-27,81300,15744494 - COMPANIES HOUSE DEFAULT ADDRESS Cardiff CF14 8LH,"HONEYMAN, Ambrose (since 2024-05-27)",1,Mr Ambrose Honeyman,9,2026-07-21,849,0,0,0
gardeners,London,Crocus Landscapes Ltd Quality Garden Build and Maintenance in West London,07865 494363,"18 - 24 Turnham Green Terrace, Chiswick, London, W4 1QP",5,86,https://www.crocuslandscapes.co.uk/,13516354,GARDENS OF GRACE MAINTENANCE AND LANDSCAPES LIMITED,active,ltd,2021-07-17,81300,24 Rosemary Lane Peterlee SR8 3BQ,"VICKERS, Michael Joseph (since 2021-07-17)",1,Mr Michael Joseph Vickers,10,2026-07-27,1894,1,0,0
gardeners,London,Gardening Delight and Landscaping,07516 419588,"1a Lushington Rd, London, NW10 5UX",4.9,112,https://www.gardening-delight-and-landscaping.com/,15520084,GARDENING DELIGHT AND LANDSCAPING LTD,active,ltd,2024-02-24,81300,Priory View Church Street Dunstable LU5 4FG,"LUCESCU, Daniel (since 2024-02-24)",1,Mr Daniel Lucescu,7,2026-02-27,942,1,0,0
gardeners,London,Home and garden maintenance,07482 042165,"26 Standard Rd, London, NW10 6EU",4.7,10,https://www.homesandgardensmaintenance.co.uk/,12526504,HOME AND GARDEN MAINTENANCE LTD,dissolved,ltd,2020-03-19,"43390,81300",4 Upper Farm Road Basingstoke RG23 7HN,"HEATH, Andrew John (since 2020-03-19)",1,Mr Andrew John Heath,11,2025-04-15,2379,0,0,0
gardeners,London,Regent Gardens & Co. (Holland Park),07365 490661,"168 Holland Park Ave, London, W11 4HU",5,28,https://www.regentgardens.com/,02932419,REGENT GARDENS (BOOTLE) MANAGEMENT COMPANY LIMITED,active,private-limited-guarant-nsc,1994-05-24,98000,21-22 Tapton Way Liverpool L13 1DA,"BOLGER, Liam Harry (since 2025-05-30); BROOKS, Patrick John (since 2024-08-14); JOHNSON, Alexandra (since 2023-02-07); SHEA, Pamela (since 2016-08-18); COLGAN, Catherine Patricia (since 1997-03-03); CUSHION, Steven John Patrick (since 2010-03-30); DAY, Peter James (since 1997-03-03); DURKAN, William Noel (since 1997-03-03); HILL, Clare (since 2008-07-29); JOHNSON, Stephen (since 2004-01-21); JOHNSTON, Liam Patrick (since 1997-03-03); MORRISON, Mary (since 1997-03-03); POWELL, Neil (since 1999-10-04); PROCTER, David (since 2008-07-29); RICHARDSON, John (since 2012-05-21); RILEY, Clare (since 1997-03-03); SHEPPARD, Darren Paul (since 1997-03-03); STAMPS, Rebekah, Doctor (since 1998-09-09); TILLY, Jayne Elizabeth (since 2023-05-16); WARH AM, Lynne Marie (since 2004-06-01); WHITEHOUSE STRUDWICK, Jason John (since 2005-07-22)",21,,25,2026-08-24,11810,1,0,0
gardeners,London,Ace Maintenance,020 3488 1912,"249 Staveley Gardens, Chiswick, London, W4 2TF",4.9,326,http://www.acemaintenance.co.uk/,12951307,ACE MAINTENANCE LTD,active,ltd,2020-10-14,81300,249 Staveley Gardens London W4 2TF,"BENHAMOU, Mohammed Ali (since 2020-10-14)",1,Mr Mohammed Ali Benhamou,13,2026-08-05,2170,1,0,0
gardeners,London,Gardeners Shepherd’s Bush,020 3198 2120,"21 Evesham St, London, W11 4AJ",5,1,http://gardenersshepherdsbush.org.uk/,15744494,AAA LANDSCAPE GARDENERS LTD,dissolved,ltd,2024-05-27,81300,15744494 - COMPANIES HOUSE DEFAULT ADDRESS Cardiff CF14 8LH,"HONEYMAN, Ambrose (since 2024-05-27)",1,Mr Ambrose Honeyman,9,2026-07-21,849,0,0,0
gardeners,London,MR Landscapes,020 8087 2334,"39a Avenue Gardens, London, W3 8HB",5,30,https://www.mrlandscapes.co.uk/,09714592,MR LANDSCAPES (SURREY) LIMITED,active,ltd,2015-08-03,81300,51 South Street Isleworth TW7 7AA,"AINA, Fabio (since 2021-10-25); RIGGI, Michele (since 2015-08-03)",2,Mr Fabio Aina; Mr Michele Riggi,25,2026-09-17,4069,1,0,0
gardeners,London,The Garden Builders - Garden Design,020 3982 7261,"259 Munster Rd, London, SW6 6BW",4.7,75,https://gardenbuilders.co.uk/,SC510269,GARDEN DESIGN BUILDERS LTD.,liquidation,ltd,2015-07-07,81300,11a Dublin Street Edinburgh EH1 3PG,"MCLEAN, Brian Thomas (since 2015-07-07); THAYNE, Richard (since 2015-07-07)",2,Mr Brian Thomas Mclean,13,2023-04-03,4096,0,0,1
gardeners,London,West London Gardeners,07761 303641,,4.9,53,https://www.westlondongardeners.co.uk/,08258316,WEST LONDON GARDENERS LTD,dissolved,ltd,2012-10-18,,74 A London W14 0BG,"PRATTEN, Oliver (since 2012-10-18)",1,,3,2014-06-10,5088,0,0,0
gardeners,London,Eco Garden Construct Ltd,020 4634 9649,"23c Berghem Mews, Blythe Rd, London, W14 0HN",5,14,http://www.ecogardenconstruct.co.uk/?utm_source=GMB&utm_medium=GMB&utm_campaign=GMB,15342083,ECO GARDEN CONSTRUCT LTD,active,ltd,2023-12-11,"41201,41202,43999,96090",23 C Berghem Mews London W14 0HN,"CRACIUN, Mircea-Liviu (since 2026-04-05); RATIU, Daniel Grigore Solonina (since 2026-07-01); VALEANU, Vasile-Grigore (since 2023-12-11); VERITY, Edward (since 2025-09-29)",4,Mr Mircea-Liviu Craciun,10,2026-07-16,1017,1,0,0
gardeners,London,Gardeners West Kensington,020 3198 2120,"68 Hammersmith Rd, London, W14 8UD",5,1,http://gardenerswestkensington.org.uk/,09468527,THE GARDENERS SOUTH WEST LIMITED,active,ltd,2015-03-03,81300,20 Kellaway Avenue Bristol BS6 7XR,"COSWAY, Tracey Susan (since 2026-02-12); DOYLE, James Edward (since 2015-03-03); OXENHAM, Stephen (since 2018-01-06); COSWAY, Tracey Susan (since 2024-01-04)",4,Mr James Edward Doyle,25,2026-03-12,4222,1,0,0
gardeners,London,W6 Urban Gardens,020 8912 5685,"17 Ravenscourt Ave, London, W6 0SL",5,2,https://w6urbangardens.co.uk/,05830131,19 SYCAMORE GARDENS W6 LIMITED,active,ltd,2006-05-26,68100,19c Sycamore Gardens Sycamore Gardens London W6 0AP,"DEMUR, Elif Meral (since 2019-02-03); LOVETT, Anne Gisele Marie-Louise (since 2023-05-19); WHEATLEY, Morna Helen (since 2012-02-04); BATES, Michael (since 2006-05-26); CUMING, Katherine Beatrix (since 2019-02-03); DALRYMPLE, Harriet Isabel Cullen (since 2017-02-27); HALFORD, Mark (since 2012-02-04)",7,Ms Anne Gisele Marie-Louise Lovett; Mr William O'Neill; Mrs Elif Meral Demur; Ms Morna Helen Wheatley,25,2026-07-28,7425,1,0,0
gardeners,London,Gardening Services Gardeners,020 3540 7140,"269 Old Marylebone Rd, London, NW1 5BJ",5,1,https://www.gardeningservicesgardeners.co.uk/,06522276,ASSOCIATED GARDENERS AND PROPERTY SERVICES LIMITED,active,ltd,2008-03-04,81300,8 Sarum Crescent Wokingham RG40 1XF,"THORNHILL, Darren (since 2008-03-04); HALLETT, Steven (since 2008-03-04)",2,Mr Darren Thornhill,25,2026-06-07,6777,1,0,0
gardeners,London,Gardeners Biggin Hill,020 3744 3778,"30 High St, London, TN16 1RG",,,http://gardenersbigginhill.org.uk/,02891822,BIGGIN HILL AIRPORT LIMITED,active,ltd,1994-01-26,96090,Main Passenger & Executive Terminal Main Road Biggin Hill TN16 3BH,"CHAPMAN, Gary Ivan (since 2020-06-17); GRAHAM, Robert Elliott (since 2019-11-14); MASSON, Nigel David (since 2020-06-17); WALTERS, Andrew Richard (since 1994-05-04); WALTERS, Robert Andrew Lewis (since 2013-09-26); WINSTANLEY, David (since 2019-03-20); CHAPMAN, Gary Ivan (since 2017-08-16); CURTIS, William Spencer Seymour (since 2013-10-01); KITCHING, John Everley Michael (since 1994-05-04); LANE, Richard Ernest (since 2004-04-01); LONERGAN, Peter (since 2004-05-25); MACANDREW, Nicholas Rupert (since 2016-05-01); MUNRO, Jenny (since 2011-03-24); STURMAN, Robert (since 1994-05-04); WALTERS, David Richard (since 2015-10-01)",15,Regional Airports Limited,25,2026-01-05,11928,1,0,0
gardeners,London,Gardeners Holland Park,,"58 Pembroke Rd, London, W14 8PT",,,http://gardenershollandpark.org.uk/,12982027,HOLLAND PARK GARDENERS LTD,dissolved,ltd,2020-10-28,81300,"Flat 13, 72, Citizen House Hornsey Road London N7 7ND","KOLAVERI, Klodian (since 2020-10-28)",1,Klodian Kolaveri,4,2021-05-04,2156,0,0,0
weddings,London,Emma-Jane Photography,07913 743677,,5,146,http://www.emma-janephotography.co.uk/,12072047,AADAVIS PHOTOGRAPHY LIMITED,active,ltd,2019-06-26,"74201,74202",41 Margraten Avenue Canvey Island SS8 7JD,"DAVIS, Alison (since 2019-06-26)",1,Alison Davis,17,2026-08-19,2646,1,0,0
weddings,London,Philip White Wedding Photography,07753 389831,"3rd floor, 45 Albemarle St, London, W1S 4JL",5,104,https://www.philipwhite.io/london-wedding-photographer/,07580893,WHITE WEDDING PHOTOGRAPHY LIMITED,dissolved,ltd,2011-03-28,96090,61 Rodney Street Liverpool L1  9ER,"CLAUSEN, Anthony Paul (since 2011-03-28)",1,,10,2015-04-14,5658,0,0,0
weddings,London,Event Photographer London,020 3951 7175,"58 Fitzroy St, London, W1T 5BU",5,277,http://freelanceeventsphotographer.co.uk/,12332016,ZINFAD PHOTOGRAPHER EVENTS LTD,dissolved,ltd,2019-11-25,91012,12 Bishopmead Camberwell Road London SE5 0EU,"FADEYI, Zainab Olayori (since 2019-11-25)",1,,3,2021-06-29,2494,0,0,0
weddings,London,UK Wedding Photography,07931 533647,"Flat 2, 44 Coldharbour, London, E14 9NT",5,20,http://www.uk-weddingphotography.com/,10310155,WEDDING PHOTOGRAPHY AND VIDEO UK LTD,dissolved,ltd,2016-08-03,74202,1 Lyndum Grove Leeds LS25 7RQ,"PHILPOT, Asta (since 2016-08-03)",1,Mr Asta Philpot,5,2018-01-09,3703,0,0,0
weddings,London,Hadi Photography London,07444 946465,"9 Hammersmith Rd, London, W14 8XJ",5,99,https://www.hadiphotographylondon.com/,16755772,HADIA LONDON LIMITED,active,ltd,2025-10-01,47789,"57a Broadway, Southend-On-Sea Leigh-On-Sea SS9 1PE","COOK, Jessica Louise (since 2025-10-01); THOMPSON, Rendall (since 2025-10-01)",2,Miss Jessica Louise Cook; Mrs Rendall Thompson,2,2026-06-19,357,1,0,0
weddings,London,The Snapper - London Wedding Photographer,07780 994204,,5,231,https://www.the-snapper.com/,10098602,THE LIVERPOOL WEDDING PHOTOGRAPHER LIMITED,active,ltd,2016-04-01,74202,4 Old School Close Southport PR9 8SB,"ALEXANDER, Gavin Steven James (since 2016-04-01); ALEXANDER, Sarah Jayne (since 2016-04-01)",2,Mr Gavin Steven James Alexander; Mrs Sarah Jayne Alexander,20,2025-05-16,3827,1,0,0
weddings,London,The Kensington Photographer,020 7459 4419,,4.9,155,http://www.thekensingtonphotographer.co.uk/,11831412,THE KENSINGTON PHOTOGRAPHER LTD,active,ltd,2019-02-18,74202,142 142 Cromwell Road London SW7 4EF,"STENNETT, Jason Selbert (since 2024-01-01); GAROKALNS, Miks (since 2021-12-20); GAROKALNS, Miks (since 2019-02-18); STENNETT, Jason Selbert (since 2021-06-26); STENNETT, Jason Selbert (since 2019-11-01)",5,Mr Jason Selbert Stennett,25,2026-09-13,2774,1,0,0
weddings,London,London Wedding Photographer | Doville Gail Photography,07949 747779,"3 Queen St, London, W1J 5PA",5,38,http://www.doville.co.uk/,09525193,LONDON I WEDDING PHOTOGRAPHY LTD,active,ltd,2015-04-02,74209,Unit 2 11 Blackwall Lane London SE10 0NG,"LIANG, Yun (since 2015-04-02)",1,Ms Yun Liang,25,2026-04-30,4192,1,0,0
weddings,London,The Photo Team,020 7859 4626,"3rd Floor, 207 Regent St., London, W1B 3HH",4.9,346,http://thephototeam.co.uk/,08250935,THE PHOTO TEAM PHOTOGRAPHY LIMITED,active,ltd,2012-10-12,"74201,74202",3rd Floor 207 Regent Street London W1B 3HH,"TAILOR, Dharmesh (since 2012-10-12); THERON, Theodorus (since 2012-11-21); THERON, Theodorus (since 2012-10-12)",3,Mr Dharmesh Tailor,25,2026-09-11,5094,1,0,0
weddings,London,Helen Abraham Photography,07894 557881,"14 Thistlewaite Rd, Lower Clapton, London, E5 0QQ",4.9,105,http://www.helenabrahamphotography.com/,07380269,HELEN ABRAHAM PHOTOGRAPHY LIMITED,active,ltd,2010-09-17,74209,14 Thistlewaite Road London E5 0QQ,"ABRAHAM, Helen Anne (since 2010-09-17)",1,Ms Helen Anne Abraham,25,2025-12-31,5850,1,0,0
weddings,London,Kristian Leven Photography,07743 720369,,5,147,https://kristianlevenphotography.co.uk/,07998910,KRISTIAN LEVEN PHOTOGRAPHY LIMITED,active,ltd,2012-03-20,74202,128 City Road London EC1V 2NX,"LEVEN, Kristian (since 2012-03-20); KAHAN, Barbara (since 2012-03-20)",2,Mr Kristian Leven,25,2026-04-09,5300,1,0,0
weddings,London,Barrie Downie Wedding Photographer London,020 3026 5376,"30 New Cavendish St, London, W1G 8UA",4.6,31,https://barriedownie.com/london-wedding-photographer/,SC828341,EYE DO WEDDING PHOTOGRAPHER LTD,dissolved,ltd,2024-11-08,74202,Cairnsmore The Square Perth PH1 4LT,"MCDONALD, Mark (since 2024-11-08)",1,Mr Mark Mcdonald,4,2025-11-25,684,0,0,0
weddings,London,Wedding Photography by Shiv,07833 477143,"Kemp House, 152 City Rd, London, EC1V 2NX",5,96,http://www.weddingphotographybyshiv.com/,13055517,PHOTOGRAPHY BY SHIVANI LTD,active,ltd,2020-12-01,74201,78 Grove Crescent London NW9 0LR,"HARANIA, Shivani (since 2020-12-01)",1,Mrs Shivani Harania,14,2026-09-20,2122,1,0,0
weddings,London,John Sanders Weddings,07460 090280,"23 Prince George Rd, London, N16 8DL",5,116,http://www.johnsandersweddings.com/,11088118,TALL JOHN'S HOUSE WEDDINGS LTD,active,ltd,2017-11-29,82302,Churchgate House 3 Church Road Cardiff CF14 2DX,"CORBET, Elizabeth Petronella (since 2017-11-29); WATSON, Elizabeth (since 2017-11-29); WATSON, Robert Peter Francis (since 2017-11-29); WATSON, Robert Archie Dymock (since 2017-11-29)",4,Mr Robert Archie Dymock Watson,25,2026-08-25,3220,1,0,0
weddings,London,Jeff Oliver Photography,,,5,59,https://www.jeffoliverphotography.com/,06318115,JEFF OLIVER MAINTENANCE LIMITED,active,ltd,2007-07-19,43999,"The Barn, Brockalee Farm Hexham NE47 7JT","OLIVER, Jeffrey (since 2007-07-19)",1,Mr Jeffrey Oliver,25,2026-07-23,7006,1,0,0
weddings,London,Emis Weddings | London Wedding Photographer,,"London, SW2 4ST",5,61,https://www.emisweddings.com/,14550007,EMIS WEDDINGS LTD,dissolved,ltd,2022-12-19,74202,179 The Roundway London N17 7BP,"STASAITIS, Emanuelis (since 2022-12-19)",1,Mr Emanuelis Stasaitis,6,2024-04-23,1374,0,0,0
weddings,London,Wedding Photographer London,07478 823846,"1 Champions Walk, East Village, London, E15 1DN",4.6,10,https://www.hobsfilms.co.uk/,SC828341,EYE DO WEDDING PHOTOGRAPHER LTD,dissolved,ltd,2024-11-08,74202,Cairnsmore The Square Perth PH1 4LT,"MCDONALD, Mark (since 2024-11-08)",1,Mr Mark Mcdonald,4,2025-11-25,684,0,0,0
weddings,London,Ela.Tatiana. Photography,07530 530600,"66b Manor Vale, London, TW8 9JN",5,76,http://et-photography.co.uk/,08527323,ELA TATIANA PHOTOGRAPHY LIMITED,active,ltd,2013-05-13,"59140,90030",66b Manor Vale Brentford TW8 9JN,"KARCZ, Elzbieta Tatiana (since 2013-05-13)",1,Ms Elzbieta Tatiana Karcz,25,2026-05-19,4881,1,0,0
weddings,London,Florian Weddings Photography,07767 509891,"18 Western Gateway, London, E16 1BQ",5,37,https://www.florianweddings.co.uk/,SC788825,ADORE WEDDINGS PHOTOGRAPHY & VIDEOGRAPHY LTD,active,ltd,2023-11-10,74202,C/O Horizon Ca Glasgow G3 7LH,"MEEK, Angela Marie (since 2023-11-10); MEEK, Barrie James (since 2023-11-10)",2,Mr Barrie James Meek; Mrs Angela Marie Meek,6,2025-11-10,1048,1,0,0
weddings,London,Wedding Films London,07853 262024,"32-34 Albion Rd, London, SM2 5TF",5,35,https://weddingfilmslondon.co.uk/,16964851,ACHIEVE BRANDING & TIKTOK LTD,active,ltd,2026-01-15,59112,36-38 Berry Street Wolverhampton WV1 1HA,"HABIB, Adeel (since 2026-01-15)",1,Mr Adeel Habib,2,2026-08-03,251,1,0,0
nails,Leeds,Townhouse Nail Salon,020 7947 0100,"Victoria Gate, Leeds, LS2 7AR",4.6,294,https://townhouse.co.uk/locations/leeds/?utm_source=google&utm_medium=organic_gbp&utm_campaign=north,14754693,TOWNHOUSE SALONS LIMITED,active,ltd,2023-03-24,96020,"Floor 6, Berkshire House London WC1V 7AA","HUBER-MILLET, Juanita Susie (since 2023-03-24); MILLET, Jonathan James (since 2023-03-24)",2,Townhouse Group Limited,11,2026-04-06,1279,1,0,0
nails,Leeds,Violet Nails Salon by Vi at Allertons Leeds| Victoria Gate,07886 163054,"23 Harewood St, Victoria Gate, Leeds, LS2 7AR",5,29,https://www.fresha.com/book-now/violet-nails-salon-by-vi-at-allertons-leeds-ovgkj60v/all-offer?share=true&pId=2701651,14611710,BROWS & NAILS BY VIOLETA ANTON LTD,dissolved,ltd,2023-01-23,"82990,96020",58 Westminster Street Crewe CW2 7LF,"ANTON, Violeta Madalina (since 2023-01-23)",1,Ms Violeta Madalina Anton,4,2025-03-11,1339,0,0,0
nails,Leeds,Trinity Nails & beauty,0113 246 7333,"81 Albion St, Leeds, LS1 5AN",4.5,1658,https://nailsalonsuk.co.uk/west-yorkshire/leeds/trinity-nails-beauty-leeds/,10773883,TRINITY NAILS & BEAUTY LIMITED,dissolved,ltd,2017-05-16,96020,The Wenta Business Centre Enfield EN3 7XU,"DAO, Khanh Thi (since 2017-05-16)",1,Ms Khanh Thi Dao,4,2017-10-31,3417,0,0,0
nails,Leeds,Soho Nails & Beauty,0113 318 7588,"4 Fish St, Leeds, LS1 6DB",3.6,310,http://instagram.com/soholeeds,12190945,NAILS 4 U SOHO LIMITED,active,ltd,2019-09-05,96020,338 Soho Road Birmingham B21 9QL,"DUONG, Nga Tuyet Thi (since 2019-09-05)",1,Mrs Nga Tuyet Thi Duong,15,2026-09-08,2575,1,0,0
nails,Leeds,Holiday nail studio,07500 365361,"Leeds, Great George St, 邮政编码: LS1 3BB",5,37,https://www.instagram.com/holidaynail_leeds?igsh=OGQ5ZDc2ODk2ZA%3D%3D&utm_source=qr,14804210,HOLIDAY NAILS LTD,active,ltd,2023-04-15,96020,46 Lampton Road Hounslow TW3 1JQ,"LUU, Hoang Dinh (since 2023-04-15)",1,Mr Hoang Dinh Luu,6,2026-04-20,1257,1,0,0
nails,Leeds,Luxury Nails,0113 244 6673,"34 Lands Ln, Leeds, LS1 6LB",3.7,319,,10514064,LUXURY NAILS LTD,active,ltd,2016-12-07,96020,34 Land Lane Leeds LS1 6LB,"HOANG, Quynh Thi Phi (since 2016-12-07)",1,Ms Quynh Thi Phi Hoang,25,2026-06-09,3577,1,0,0
nails,Leeds,Nails by Jen,07862 238282,"4 Farm Hill S, Leeds, LS7 2QB",5,151,https://www.instagram.com/nailsbyjennytang/,14010307,JEN NAILS WALSALL LTD,active,ltd,2022-03-29,96020,8b Ellingford Road London E8 3PA,"VO, Bac Ngoc (since 2022-03-29)",1,Mr Bac Ngoc Vo,13,2026-08-28,1639,1,0,0
nails,Leeds,The Beauty Assembly,0113 246 0700,"3, Waterman's Place, Granary Wharf, Leeds LS1 4GL",4.7,161,https://thebeautyassembly.com/,12006192,THE BEAUTY ASSEMBLY LTD,active,ltd,2019-05-20,68209,The Hoff Queens Road Halifax HX3 8RA,"HADJIIOANNOU, Erene (since 2019-05-20); WYNN, Abra Rita (since 2019-05-20)",2,Ms Abra Rita Wynn; Ms Erene Hadjiioannou,20,2026-05-21,2683,1,0,0
nails,Leeds,Glow Nail Bar,0113 225 2903,"3, North Ln, Headingley, Leeds LS6 3HP",4.8,923,https://nailsalonsuk.co.uk/west-yorkshire/leeds/glow-nail-bar-leeds/,15673487,GLOW NAIL BAR GREENGATES LTD,active,ltd,2024-04-23,96020,901 Harrogate Road Bradford BD10 0QY,"ANH, Chu Viet (since 2024-04-23)",1,Mr Chu Viet Anh,4,2026-05-05,883,1,0,0
nails,Leeds,Leon&Queen Nails,07537 874965,"41d, Merrion Shopping Centre, Leeds, LS2 8LY",4.8,414,https://leonqueennails.loviebooking.co.uk/,12190383,A A NAILS LIMITED,active,ltd,2019-09-05,86900,89 New Road Birmingham B45 9JR,"NGUYEN, Huong Hong Thi (since 2019-09-05)",1,Mrs Huong Hong Thi Nguyen,16,2026-04-27,2575,1,0,0
nails,Leeds,Her.Rosiee Nails,+84 932 005 098,"Well Close Rise, Woodhouse, Leeds, LS7 1HT",5,176,,12190383,A A NAILS LIMITED,active,ltd,2019-09-05,86900,89 New Road Birmingham B45 9JR,"NGUYEN, Huong Hong Thi (since 2019-09-05)",1,Mrs Huong Hong Thi Nguyen,16,2026-04-27,2575,1,0,0
nails,Leeds,Blue Nails and Spa,0113 414 5777,"46 New York St, Leeds, LS2 7DY",4.1,68,https://www.facebook.com/profile.php?id=100087437637559,14593569,BLUE NAILS AND SPA LTD,active,ltd,2023-01-16,96020,8b Ellingfort Road London E8 3PA,"HA, Bang Van (since 2024-07-13); TRAN, Linh Hai (since 2023-01-16)",2,Mr Bang Van Ha,15,2026-07-26,1346,1,0,0
nails,Leeds,W Studio,07927 369664,"Kilkenny House, 7 King St, Leeds, LS1 2HH",4.9,66,https://wstudioleeds.co.uk/,11867419,W STUDIO LTD,dissolved,ltd,2019-03-07,74100,"1st Floor, Cromwell House London WC1V 6HZ","WEPPE, Olivier (since 2019-03-07)",1,Mr Olivier Weppe,4,2021-07-27,2757,0,0,0
nails,Leeds,Anne Nails,07769 444499,"61 Great George St, Leeds, LS1 3BB",4.3,185,https://www.instagram.com/annenails_leeds/,13376568,ANNE NAILS LTD,active,ltd,2021-05-05,96020,Ground Floor And Basement Leeds LS1 3BB,"NGUYEN, Huyen Thi Thu (since 2021-05-05)",1,Ms Huyen Thi Thu Nguyen,23,2026-05-19,1967,1,0,0
nails,Leeds,Iconic Nail Studio,07405 505528,"16 Middleton Park Circus, Middleton, Leeds, LS10 4LX",4.9,223,https://iconic-signature.com/,15660851,ICONIC NAILS LTD,active,ltd,2024-04-19,96020,16 Middleton Park Circus Leeds LS10 4LX,"NGUYEN, Huy Van (since 2024-04-19)",1,Mr Huy Van Nguyen,4,2026-05-13,887,1,0,0
nails,Leeds,Mint Nail & Beauty,0113 242 8811,"Leeds Corn Exchange, Call Ln, Leeds, LS1 7BR",4.2,184,http://www.mintsalons.co.uk/,OC323511,MINT NAIL AND BEAUTY BAR LLP,active,llp,2006-10-27,,The Beauty Rooms Wakefield WF1 3BZ,,0,Kathryn Ann Wood; Mrs Sarah Louise Mardenborough,25,2026-06-02,7271,1,0,0
nails,Leeds,Paige Jones Nails Leeds,,"The glam bar, 2 Barras St, Leeds, LS12 4JS",5,30,https://www.paigejonesnails.com/,11540199,RP STUDIOS LIMITED,active,ltd,2018-08-28,96020,1 Townley Road Rochdale OL16 3EN,"BRIERLEY, Robyn (since 2018-08-28)",1,Miss Robyn Brierley,20,2026-05-27,2948,1,0,0
nails,Leeds,AZ Nails,0113 345 0800,"61A The Headrow, Leeds, LS1 6LR",3.7,151,https://www.instagram.com/aznailsleeds/,13331004,AZ NAILS (NOTTINGHAM) LIMITED,active,ltd,2021-04-13,96020,541 Mansfield Road Nottingham NG5 2JL,"NGUYEN, Thi Thu Hang (since 2021-04-13)",1,Ms Thi Thu Hang Nguyen,11,2026-08-05,1989,1,0,0
nails,Leeds,Charming Nails,0113 278 7330,"Otley Rd, Headingley, Leeds, LS6 3AB",4.6,463,,10584584,CHARMING NAILS LTD,active,ltd,2017-01-26,96020,8b Ellingfort Road London E8 3PA,"NGUYEN, Hai Minh Thi (since 2017-10-01); NGUYEN, Duong Van (since 2017-01-26)",2,Ms Hai Minh Thi Nguyen,24,2025-11-14,3527,1,0,0
nails,Leeds,Gill's Nails Ltd,0113 245 0068,"24 New York St, Leeds, LS2 7DY",4.5,156,https://www.facebook.com/gillsnailhairandbeauty/,15303584,GILLS NAILS LTD,active,ltd,2023-11-22,96020,3-4 The Courtyard East Park Crawley RH10 6AG,"TIMLETT, Gillian Constance (since 2023-11-22)",1,Mrs Gillian Constance Timlett,7,2026-08-18,1036,1,0,0
electrician,Leeds,BRO Electrical Leeds LTD,07766 763955,"29 Walkers Grn, Leeds, LS12 4UN",5,66,https://www.broelectrical.co.uk/,16971229,BRO ELECTRICAL LEEDS LTD,active,ltd,2026-01-19,43210,29 Walkers Green Leeds LS12 4UN,"O'BRIEN, Rosanna Claire (since 2026-01-19); O'BRIEN, Thomas Clifford (since 2026-01-19)",2,Mrs Rosanna Claire O'Brien; Mr Thomas Clifford O'Brien,3,2026-04-08,247,1,0,0
electrician,Leeds,MPS Electrical Contractors Ltd,0113 390 9670,"45 Pinfold Ln, Halton, Leeds, LS15 7SX",4.9,92,https://www.mps-electrical.com/,07104604,MPS ELECTRICAL CONTRACTORS LIMITED,active,ltd,2009-12-15,43210,45 Pinfold Lane Leeds LS15 7SX,"SILKSTONE, Marc (since 2009-12-15)",1,Mr Marc Silkstone,25,2026-09-07,6126,1,0,0
electrician,Leeds,Lee Electrical Services,07946 444484,"16 Beck Rd, Harehills, Leeds, LS8 4EJ",5,70,https://lee-electrics.co.uk/,02669888,LEE ELECTRICAL SERVICES LIMITED,dissolved,ltd,1991-12-10,33200,Brookfields Oswestry SY10 8DF,"LEE, Michael Andrew (since 1998-02-18); BRANDRAM, Jacqueline Patricia (since 1991-12-10); LEE, Adrian Elwyn (since 1991-12-10)",3,,25,2015-12-01,12706,0,0,0
electrician,Leeds,SmartWired Electrical Contractor,07463 584628,"93-99 Mabgate, Leeds, LS9 7DR",5,168,https://smartwiredelectrical.co.uk/,13288771,SMARTWIRED ELECTRICAL CONTRACTOR LIMITED,active,ltd,2021-03-24,43210,Mabgate Business Centre Leeds LS9 7DR,"ISLAM, Nurul (since 2021-03-24)",1,Mr Nurul Islam,15,2026-03-18,2009,1,0,0
electrician,Leeds,Wired Electrical,07883 307888,"31 Henconner Ln, Chapel Allerton, Leeds, LS7 3NX",5,62,http://www.wiredleeds.co.uk/,SC254116,WIRED ELECTRICAL LTD.,active,ltd,2003-08-12,46740,539 Lawmoor Street Glasgow G5 0TT,"MCKERRALL, Maureen (since 2019-09-19); MCKERRALL, Maureen (since 2003-08-12); MITCHELL, David James (since 2003-08-12)",3,Mrs Maureen Mckerrall,25,2026-03-27,8443,1,0,0
electrician,Leeds,GD Electrical,07708 223157,,4.9,45,https://www.gd-electrical.co.uk/,09446192,GD ELECTRICAL LTD,active,ltd,2015-02-18,35110,59 Lowther Street Penrith CA11 7UQ,"DAVIS, Gavin Christopher (since 2015-02-18); DAVIS, Suzanne (since 2015-02-18)",2,Mr Gavin Christopher Davis,25,2026-05-14,4235,1,0,0
electrician,Leeds,DC Electrical (Of Leeds) Ltd,0113 370 9015,"Faraday House, 192 York Rd, Leeds, LS9 9LN",5,29,http://www.yorkshire-electrician.co.uk/,06529354,DC ELECTRICAL (OF LEEDS) LIMITED,dissolved,ltd,2008-03-10,43210,Oxford Chambers Guiseley LS20 9AT,"BRANNAN, David Craig (since 2008-03-10)",1,,20,2015-08-12,6771,0,0,1
electrician,Leeds,Fletcher Electric,0113 320 9926,"63 Stonegate Rd, Meanwood, Leeds, LS6 4HZ",5,94,http://www.fletcherelectric.co.uk/,08644448,FLETCHER ELECTRIC LTD,active,ltd,2013-08-09,43210,63 Stonegate Road Leeds LS6 4HZ,"FLETCHER, Matthew (since 2013-08-09)",1,Mr Matthew Fletcher,25,2026-08-10,4793,1,0,0
electrician,Leeds,S P Electrical & General Maintenance,07908 797980,"131 Kedleston Rd, Roundhay, Leeds, LS8 2AU",5,70,http://www.spdlelectrical.co.uk/,NI685729,C CONWAY ELECTRICAL & GENERAL MAINTENANCE LTD,active,ltd,2022-02-10,43210,45 Drumbarley Road Omagh BT78 4SX,"CONWAY, Cronan (since 2022-02-10)",1,Mr Cronan Conway,9,2026-02-12,1686,1,0,0
electrician,Leeds,Flora Electrical Services,07532 003293,"98 Stainbeck Ln, Chapel Allerton, Leeds, LS7 3QS",4.7,49,https://floraelectricalservices.co.uk/,16561685,FEMME FLORA SERVICES LIMITED,active,ltd,2025-07-05,47910,Unit 14.1 Parkhaus 1a Downs Road Hackney E5 8QJ,"ADEGBOYE, Dixon Toluwalogo (since 2026-04-08); EBOIGBE, Elvis Osarobo (since 2025-07-05); OGUNWALE, Bolaji (since 2026-04-08)",3,Mr Dixon Toluwalogo Adegboye; Mr Bolaji Ogunwale; Mr Elvis Osarobo Eboigbe,9,2026-08-11,445,1,0,0
electrician,Leeds,PL Electrical UN Limited,07423 704649,"3 Cranmore Dr, Belle Isle, Leeds, LS10 4AW",4.9,44,http://plelectricalunlimited.com/,12197935,PL ELECTRICAL UN LIMITED,active,ltd,2019-09-10,43210,7 Grosvenor Gardens London SW1W 0AF,"LISZKA, Piotr (since 2019-09-10)",1,Mr Piotr Liszka,21,2026-09-22,2570,1,0,0
electrician,Leeds,Lucid Electrical Services,0113 844 4197,"190 Moseley Wood Gardens, Leeds, LS16 7JE",4.9,68,https://www.lucides.co.uk/,09658269,LUCID ELECTRICAL SERVICES LTD,active,ltd,2015-06-26,43210,190 Moseley Wood Gardens Leeds LS16 7JE,"SCOTT, Benjamin James (since 2015-06-26)",1,Mr Benjamin James Scott,25,2026-09-15,4107,1,0,0
electrician,Leeds,JC ELECTRICAL LEEDS LTD,0113 433 0135,,4.9,53,https://www.jcelectricalleeds.co.uk/,13707608,JC ELECTRICAL LEEDS LTD,active,ltd,2021-10-27,43210,25-29 Sandy Way Yeadon Leeds LS19 7EW,"COHEN, James (since 2021-10-27)",1,Mr James Cohen,16,2026-01-28,1792,1,0,0
electrician,Leeds,GH Electrical Leeds LTD,0113 292 6123,"City West Business Park, Building 3, Gelderd Rd, Leeds LS12 6LN",5,29,http://www.ghelectricalleeds.co.uk/,09550095,GH ELECTRICAL LEEDS LTD,active,ltd,2015-04-20,43210,Building 3 City West Business Park Leeds LS12 6LN,"LEONE, Daniel (since 2015-04-20); LEONE, Gary (since 2015-04-20)",2,Mr Gary Leone,25,2026-01-19,4174,1,0,0
electrician,Leeds,Leeds Bradford Electricians,07411 562115,"4 Forestdale Way, Bradford, BD18 1QP",5,52,https://leedsbradfordelectricians.co.uk/,16779966,LEEDS BRADFORD ELECTRICIANS LTD,active,ltd,2025-10-13,43210,4 Forestdale Way Shipley BD18 1QP,"BOGARD, Harjinder Singh (since 2025-10-13)",1,Mr Harjinder Singh Bogard,0,,345,1,0,0
