vertical,city,businessName,phone,address,rating,reviewCount,website,company_number,company_name,company_status,company_type,incorporation_date,sic_codes,registered_address,accounts_next_due,confirmation_next_due,has_charges,has_insolvency,directors_count,directors,director_nationalities,psc_count,psc_names,psc_control_types,total_filings,filing_types,last_filing,company_age_days,is_active,is_limited
nails,Manchester,Yulia Hamilton Nails & Beauty,07858 358562,"40 Laystall St, Manchester, M1 2JQ",4.8,686,https://www.mcrnails.co.uk/?utm_source=google&utm_medium=wix_google_business_profile&utm_campaign=8432878723751390110,15554494,YULIA HAMILTON NAILS & BEAUTY LTD,active,ltd,2024-03-11,96020,25 Woodward Street Manchester M4 7BQ,2027-12-30,2027-04-26,False,False,1,"MARTEMIANOVA, Iuliia Dmitrievna (since 2024-03-11)",Russian,1,Miss Iuliia Dmitrievna Martemianova,ownership-of-shares-75-to-100-percent; voting-rights-75-to-100-percent; right-to-appoint-and-remove-directors,12,"{""accounts"": 3, ""confirmation-statement"": 3, ""persons-with-significant-control"": 2, ""address"": 1, ""officers"": 2, ""incorporation"": 1}",2026-06-24,926,1,1
nails,Manchester,"Townhouse Nail Salon, Manchester King Street",020 7947 0100,"34 King St, Manchester, M2 6AZ",4.8,325,https://townhouse.co.uk/locations/manchester/?utm_source=google&utm_medium=organic_gbp&utm_campaign=north,14500789,"HIS AND HERS SALON, NAILS & BEAUTY LTD",dissolved,ltd,2022-11-23,96020,8a Kingsway House Bedworth CV12 8HY,,,False,True,1,"FERRELL, Liley Rosey (since 2022-11-23)",Filipino,1,Miss Liley Rosey Ferrell,ownership-of-shares-75-to-100-percent; voting-rights-75-to-100-percent; right-to-appoint-and-remove-directors,9,"{""gazette"": 2, ""insolvency"": 3, ""address"": 1, ""resolution"": 1, ""dissolution"": 1, ""incorporation"": 1}",2025-09-18,1400,0,1
nails,Manchester,Shuku Nail Spa,,"Suite 117, Phenix Salon Suites, 1 Deansgate, Manchester M3 1AZ",5,71,https://shuku.co.uk/,12008742,SHUKU NAIL BAR LTD,dissolved,ltd,2019-05-21,96090,1a Hankinson Way Manchester M6 5JA,,,False,False,1,"NOZARY, Shuku (since 2019-05-21)",Iranian,1,Mrs Shuku Nozary,significant-influence-or-control,3,"{""gazette"": 2, ""incorporation"": 1}",2021-03-23,2682,0,1
nails,Manchester,Nails by Yulia Hamilton,07858 358562,"New Church House, 34 John Dalton St, Manchester, M2 6LE",4.8,592,https://www.mcrnails.co.uk/,13742131,NAILS BY YULIA HAMILTON LIMITED,dissolved,ltd,2021-11-14,96020,Apartment C401 9 Owen Street Manchester M15 4UH,,,False,False,1,"MARTEMIANOVA, Iuliia Dmitrievna (since 2021-11-14)",British,1,Miss Iuliia Dmitrievna Martemianova,ownership-of-shares-75-to-100-percent; voting-rights-75-to-100-percent; right-to-appoint-and-remove-directors,15,"{""gazette"": 2, ""dissolution"": 1, ""accounts"": 3, ""confirmation-statement"": 3, ""persons-with-significant-control"": 2, ""officers"": 2, ""address"": 1, ""incorporation"": 1}",2026-03-24,1774,0,1
nails,Manchester,Bella Spa,07554 012698,"12 Faraday St, Manchester, M1 1BE",4.9,3486,https://www.instagram.com/bellaspa_manchester/,14041608,BELLA SPA NAILS LTD,active,ltd,2022-04-12,96020,207 Nantwich Road Crewe CW2 6DA,2028-01-31,2027-04-11,False,False,1,"NGUYEN, Thuy Giang (since 2022-04-12)",Vietnamese,1,Thuy Giang Nguyen,ownership-of-shares-75-to-100-percent; voting-rights-75-to-100-percent; right-to-appoint-and-remove-directors,9,"{""accounts"": 4, ""confirmation-statement"": 4, ""incorporation"": 1}",2026-09-09,1625,1,1
nails,Manchester,The Glow Nail & Beauty,07496 806666,"Suite 104, within phenix salon suites, No. 1 Deansgate, Manchester, M3 1AZ",5,59,https://linktr.ee/FaraNNail,16690628,AMBER GLOW NAILS & BEAUTY LTD,active,ltd,2025-09-03,96020,225 Garratt Lane London SW18 4DT,2027-06-03,2027-09-02,False,False,1,"TRAN, Thi Bich Phuong (since 2025-09-03)",British,1,Ms Thi Bich Phuong Tran,ownership-of-shares-75-to-100-percent; voting-rights-75-to-100-percent; right-to-appoint-and-remove-directors,2,"{""confirmation-statement"": 1, ""incorporation"": 1}",2026-09-05,385,1,1
nails,Manchester,Classy Nails & Beauty Manchester,0161 971 1665,"1 Whittle St, Manchester, M4 1LT",4.7,622,https://www.instagram.com/classynailsandbeautymcr/?hl=en,15631901,CLASSY NAILS & BEAUTY MANCHESTER LIMITED,dissolved,ltd,2024-04-10,96020,Black Horse Chambers 231 Elliott Street Manchester M29 8DG,,,False,False,1,"NGUYEN, Tien Van (since 2024-04-10)",British,1,Mr Tien Van Nguyen,ownership-of-shares-75-to-100-percent; voting-rights-75-to-100-percent; right-to-appoint-and-remove-directors,4,"{""gazette"": 2, ""confirmation-statement"": 1, ""incorporation"": 1}",2026-06-02,896,0,1
nails,Manchester,ACE NAILS,,"Suite 103, within phenix salon suites, 1 Deansgate, Manchester M3 1AZ",4.9,170,http://instagram.com/acenailsmcr/,15146418,ACE NAILS & BEAUTY LTD,active,ltd,2023-09-18,96020,6 Higher Road Manchester M41 9BQ,2027-06-30,2027-09-03,False,False,1,"VU, Quan Van (since 2023-09-18)",Vietnamese,1,Mr Quan Van Vu,ownership-of-shares-75-to-100-percent; voting-rights-75-to-100-percent; right-to-appoint-and-remove-directors,8,"{""confirmation-statement"": 3, ""accounts"": 2, ""persons-with-significant-control"": 1, ""officers"": 1, ""incorporation"": 1}",2026-09-09,1101,1,1
nails,Manchester,M1 Nails Shudehill,0161 526 0776,"15a Shudehill, Manchester, M4 2AF",4.5,1439,https://m1nails2024.setmore.com/,13722598,M1 NAILS SHUDEHILL LTD,dissolved,ltd,2021-11-03,96020,7 Shudehill Manchester M4 2AF,,,False,False,1,"LE, Cong Khanh (since 2021-11-03)",British,1,Mr Cong Khanh Le,ownership-of-shares-75-to-100-percent; voting-rights-75-to-100-percent; right-to-appoint-and-remove-directors,3,"{""gazette"": 2, ""incorporation"": 1}",2023-05-02,1785,0,1
nails,Manchester,LILLY NAIL AND BEAUTY MANCHESTER,0161 425 5858,"14-16 Whitworth St, Manchester, M1 3BS",4.5,657,http://www.lillynailnbeauty.co.uk/,15504353,LILLY NAIL AND BEAUTY NORTHWICH LTD,active,ltd,2024-02-19,96020,27 Castle Street Northwich CW8 1BA,2027-11-18,2027-02-18,False,False,1,"NGUYEN, Ha Hai (since 2024-02-19)",British,1,Ms Ha Hai Nguyen,ownership-of-shares-75-to-100-percent; voting-rights-75-to-100-percent; right-to-appoint-and-remove-directors,6,"{""accounts"": 3, ""confirmation-statement"": 2, ""incorporation"": 1}",2026-04-20,947,1,1
nails,Manchester,Misha & Eti Beauty Studio,0161 393 3388,"118 High St, Manchester, M4 1HQ",4.9,273,http://mishaetibeauty.co.uk/,14781129,MISHA & ETI BEAUTY STUDIO LTD,active,ltd,2023-04-04,96020,118 High Street Manchester M4 1HQ,2027-01-31,2027-04-03,False,False,2,"GHASEMZADEH, Ehteram (since 2023-04-04); MESRI, Mahshid (since 2023-04-04)",Iranian,2,Miss Mahshid Mesri; Mrs Ehteram Ghasemzadeh,ownership-of-shares-25-to-50-percent; right-to-appoint-and-remove-directors; voting-rights-25-to-50-percent,10,"{""confirmation-statement"": 3, ""accounts"": 4, ""address"": 2, ""incorporation"": 1}",2026-04-10,1268,1,1
nails,Manchester,Love Nails Manchester,0161 222 3690,"28 Blackfriars St, Salford, M3 5BQ",4.7,142,https://instagram.com/m_lovenails_?igshid=YmMyMTA2M2Y=,15631901,CLASSY NAILS & BEAUTY MANCHESTER LIMITED,dissolved,ltd,2024-04-10,96020,Black Horse Chambers 231 Elliott Street Manchester M29 8DG,,,False,False,1,"NGUYEN, Tien Van (since 2024-04-10)",British,1,Mr Tien Van Nguyen,ownership-of-shares-75-to-100-percent; voting-rights-75-to-100-percent; right-to-appoint-and-remove-directors,4,"{""gazette"": 2, ""confirmation-statement"": 1, ""incorporation"": 1}",2026-06-02,896,0,1
nails,Manchester,JANEA Nails & Beauty,0161 376 5648,"15-17 Chapel Walks, Manchester, M2 1HN",4.6,275,https://janea.co.uk/,14825958,A A NAILS & BEAUTY LTD,active,ltd,2023-04-25,96090,47 Salusbury Road London NW6 6NJ,2027-02-28,2027-04-24,False,False,2,"MINICARU, Anca Iuliana (since 2023-04-25); SHAIKH, Amir Ahmad (since 2023-04-25)",British,2,Mr Amir Ahmad Shaikh; Ms Anca Iuliana Minicaru,ownership-of-shares-25-to-50-percent; voting-rights-25-to-50-percent,8,"{""accounts"": 3, ""confirmation-statement"": 3, ""address"": 1, ""incorporation"": 1}",2026-05-20,1247,1,1
nails,Manchester,Bella Naillash – Nail Salon Manchester,07356 268849,"Manchester, Princess St, China Town",5,217,https://www.bellanaillash.com/book-online,16728880,BELLA BEA HAIR STUDIO LTD,active,ltd,2025-09-19,96020,5 Canon Court Bolton BL1 1PZ,2027-06-19,2027-01-30,False,False,1,"COOK, Gemma Marie (since 2025-09-19)",British,1,Gemma Marie Cook,ownership-of-shares-75-to-100-percent; voting-rights-75-to-100-percent; right-to-appoint-and-remove-directors,3,"{""confirmation-statement"": 1, ""change-of-name"": 1, ""incorporation"": 1}",2026-03-17,369,1,1
nails,Manchester,Beauty and Bubbles,0161 228 3375,"47 Dale St, Manchester, M1 2HF",4.7,1413,https://www.beautyandbubbles.co.uk/,07965805,BEAUTY AND BUBBLES LTD,active,ltd,2012-02-27,96020,47 Dale Street Manchester M1 2HF,2027-09-30,2027-02-08,False,False,2,"LEESON, Daniel, Mr. (since 2012-02-27); SIXSMITH, Mark, Mr. (since 2012-02-27)",British,2,Mr Daniel Leeson; Mr Mark Sixsmith,ownership-of-shares-25-to-50-percent,25,"{""accounts"": 12, ""confirmation-statement"": 10, ""officers"": 1, ""change-of-name"": 1, ""resolution"": 1}",2026-03-17,5322,1,1
nails,Manchester,Bisou Nail Studio,07888 697303,"73-75 Lever St, Manchester, M1 2AP",4.7,40,,11700575,BISOU NAILS SYSTEM LTD,active,ltd,2018-11-28,"47890,47910",65 Hollywood Towers Stockport SK3 0HL,2023-08-31,2023-11-27,False,False,2,"SEHAR, Rabia (since 2018-11-28); SIMKUTE, Greta (since 2018-11-28)",Lithuanian; British,2,Mrs Rabia Sehar; Mrs Greta Simkute,ownership-of-shares-25-to-50-percent; voting-rights-25-to-50-percent,10,"{""dissolution"": 1, ""gazette"": 1, ""confirmation-statement"": 4, ""accounts"": 3, ""incorporation"": 1}",2023-11-11,2856,1,1
nails,Manchester,Eleganza Nails,07397 303767,"49 Piccadilly 49 Piccadilly House office number 313, Manchester, M1 2AP",5,121,,15921458,ELEGANZA NAILS LTD,active,ltd,2024-08-28,96020,18d Church Street West Manchester M26 2SQ,2027-05-30,2027-08-27,False,False,1,"YAZDAN KHAH, Leila (since 2024-08-28)",Iranian,1,Miss Leila Yazdan Khah,ownership-of-shares-75-to-100-percent; voting-rights-75-to-100-percent; right-to-appoint-and-remove-directors,5,"{""confirmation-statement"": 2, ""accounts"": 2, ""incorporation"": 1}",2026-09-11,756,1,1
nails,Manchester,Ivy Nails,0161 236 8732,"14a Oxford Rd, Manchester, M1 5QA",4.2,676,https://www.ivynailsmanchester.co.uk/,10447087,IVY NAILS LIMITED,active,ltd,2016-10-26,96020,7 Victoria Road Nottingham NG4 2LA,2027-06-29,2026-12-30,False,False,3,"XIAO, Wei (since 2026-04-30); JIN, Donghe (since 2018-04-05); XIAO, Wei (since 2016-10-26)",Chinese,4,Mrs Wei Xiao,ownership-of-shares-75-to-100-percent; voting-rights-75-to-100-percent; right-to-appoint-and-remove-directors,25,"{""accounts"": 9, ""persons-with-significant-control"": 4, ""officers"": 2, ""address"": 1, ""confirmation-statement"": 7, ""gazette"": 2}",2026-06-29,3619,1,1
nails,Manchester,Create & Coat Nail Salon,07445 630465,"Fl 0, Harvey Nichols, 21 New Cathedral St, Manchester M1 1AD",4.6,71,,SC825187,LUSH NAILS & SPA COATBRIDGE LIMITED,active,ltd,2024-10-08,96020,6 St. John Street Coatbridge ML5 3EJ,2027-07-31,2026-10-07,False,False,1,"DOAN THU, Hang (since 2024-10-08)",British,1,Ms Hang Doan Thu,ownership-of-shares-75-to-100-percent; voting-rights-75-to-100-percent; right-to-appoint-and-remove-directors,3,"{""accounts"": 1, ""confirmation-statement"": 1, ""incorporation"": 1}",2026-05-22,715,1,1
nails,Manchester,Nails Icon,07928 195181,"76 Bridge St, Manchester, M3 2RJ",4.3,134,https://nailsicon.loviebooking.co.uk/,15969441,NAILS ICON LTD,active,ltd,2024-09-20,96020,76 Bridge Street Manchester M3 2RJ,2027-06-30,2026-09-19,False,False,1,"NGO, Hieu Quang (since 2024-09-20)",Vietnamese,1,Mr Hieu Quang Ngo,ownership-of-shares-75-to-100-percent; voting-rights-75-to-100-percent; right-to-appoint-and-remove-directors,3,"{""accounts"": 1, ""confirmation-statement"": 1, ""incorporation"": 1}",2026-02-09,733,1,1
electrician,Manchester,24 Hour Electrician Manchester,0161 531 8870,"32 Dean St, Manchester, M4 5BG",4.9,55,https://mcr24hrelectrician.lovable.app/,11455820,EMERGENCY ELECTRICIAN 24 HOUR GRIP ELECTRIC LTD,active,ltd,2018-07-09,"43210,46690,68100",Top Flat Dean House 121 London Road North Redhill RH1 3AL,2027-04-30,2027-05-23,False,False,1,"ZAFAR, Usman Ahmed (since 2018-07-09)",British,1,Mr Usman Ahmed Zafar,ownership-of-shares-75-to-100-percent; voting-rights-75-to-100-percent; ownership-of-shares-75-to-100-percent-as-firm; right-to-appoint-and-remove-directors,25,"{""confirmation-statement"": 9, ""accounts"": 7, ""officers"": 2, ""persons-with-significant-control"": 2, ""address"": 4, ""change-of-name"": 1}",2026-06-04,2998,1,1
electrician,Manchester,The Emergency Electricians,07703 295654,"39 Slade Ln, Levenshulme, Manchester, M13 0QJ",5,257,https://www.theemergencyelectricians.co.uk/,17183608,ARS EMERGENCY ELECTRICIANS LTD,active,ltd,2026-04-27,96090,6 John Parker Square London SW11 2HP,2028-01-27,2027-04-26,False,False,1,"SHAFIQUE, Zeeshan (since 2026-04-27)",British,1,Mr Zeeshan Shafique,ownership-of-shares-75-to-100-percent; voting-rights-75-to-100-percent; right-to-appoint-and-remove-directors,1,"{""incorporation"": 1}",2026-04-27,149,1,1
electrician,Manchester,Romelec Electrical Limited,,"304, Beaumont Building, 22 Mirabel St, Cheetham Hill, Manchester M3 1DX",5,239,https://www.romelec.co.uk/,15397963,ROMELEC ELECTRICAL LTD,active,ltd,2024-01-08,43210,304 Beaumont Building Mirabel Street Manchester M3 1DX,2025-10-08,2026-01-07,False,False,1,"GAMBO, Roman (since 2024-01-08)",British,1,Mr Roman Gambo,ownership-of-shares-75-to-100-percent; voting-rights-75-to-100-percent; right-to-appoint-and-remove-directors,5,"{""address"": 1, ""gazette"": 2, ""confirmation-statement"": 1, ""incorporation"": 1}",2026-07-10,989,1,1
electrician,Manchester,AES Electrical Services,07490 705167,"Hanworth Cl, Manchester, M13 9LD",5,160,https://www.aeselectricians.co.uk/,14050403,AES ELECTRICAL SERVICES LIMITED,dissolved,ltd,2022-04-17,43210,2 Springfield Road Crawley RH11 8AD,,,False,False,1,"BUCKINGHAM, Jamie (since 2022-04-17)",British,1,Mr Jamie Buckingham,ownership-of-shares-75-to-100-percent; voting-rights-75-to-100-percent; right-to-appoint-and-remove-directors,10,"{""gazette"": 2, ""officers"": 1, ""address"": 1, ""confirmation-statement"": 2, ""accounts"": 2, ""change-of-name"": 1, ""incorporation"": 1}",2025-07-29,1620,0,1
electrician,Manchester,KHL Electrical Contractors - Manchester,07458 947688,,4.8,78,http://www.khlelectricalcontractors.co.uk/,15734306,KHL ELECTRICAL CONTRACTORS LTD,active,ltd,2024-05-22,43210,"Suite 3 - First Floor , Hexagon House Cheadle SK8 1NZ",2027-02-28,2027-05-13,False,False,1,"KHALILI, Saeed (since 2024-05-22)",British,1,Mr Saeed Khalili,ownership-of-shares-75-to-100-percent; voting-rights-75-to-100-percent; right-to-appoint-and-remove-directors,4,"{""confirmation-statement"": 2, ""accounts"": 1, ""incorporation"": 1}",2026-05-26,854,1,1
electrician,Manchester,AK Electrical Services,07888 731205,"Brooklyn Ave, Manchester, M16 0BY",5,279,http://akelectricians.co.uk/,12536265,AK ELECTRICAL SERVICES LIMITED,active,ltd,2020-03-26,43210,12 Brooklyn Avenue Manchester M16 0BY,2026-12-31,2027-04-04,False,False,1,"KHAN, Abdullah (since 2020-03-26)",British,1,Mr Abdullah Khan,ownership-of-shares-75-to-100-percent; voting-rights-75-to-100-percent; right-to-appoint-and-remove-directors,14,"{""confirmation-statement"": 7, ""accounts"": 5, ""address"": 1, ""incorporation"": 1}",2026-07-17,2372,1,1
electrician,Manchester,Plug Electrical Services,07943 095215,"9 Selborne Rd, Chorlton-cum-Hardy, Manchester, M21 0BL",5,145,https://plugelectrical.uk/,13817926,THE PLUG ELECTRICAL SERVICES LTD,dissolved,ltd,2021-12-24,43210,74 Bristol Street Birmingham B5 7AH,,,False,False,1,"LO, Jordan (since 2021-12-24)",British,1,Jordan Lo,ownership-of-shares-75-to-100-percent; voting-rights-75-to-100-percent; right-to-appoint-and-remove-directors,8,"{""gazette"": 2, ""accounts"": 2, ""confirmation-statement"": 2, ""address"": 1, ""incorporation"": 1}",2025-05-27,1734,0,1
electrician,Manchester,MAP Electrical,07466 889440,"104 Wilbraham Rd, Fallowfield, Manchester, M14 7DR",5,127,http://www.mapelectrical.co.uk/,04868162,MAP ELECTRICAL LTD,dissolved,ltd,2003-08-15,47540,F A SIMMS & PARTNERS LIMITED Lutterworth LE17 5FB,,,True,True,3,"JAMES, Michael John (since 2020-06-12); USATOVA, Yana (since 2020-07-02); ROBERTS, Adrian (since 2003-08-15)",British; United Kingdom,1,Mr Adrian Roberts,ownership-of-shares-75-to-100-percent,25,"{""gazette"": 1, ""insolvency"": 6, ""address"": 1, ""resolution"": 1, ""officers"": 3, ""accounts"": 6, ""confirmation-statement"": 4, ""mortgage"": 1, ""annual-return"": 2}",2022-12-20,8440,0,1
electrician,Manchester,MCR Electrical Services,07405 431800,,5,69,https://mcrelectrical.uk/,11385791,MCR ELECTRICAL SERVICES LTD,active,ltd,2018-05-29,43210,38 Woodlands Street Manchester M8 9LL,2027-02-28,2027-05-28,False,False,1,"MASOOD, Idrees (since 2018-05-29)",British,1,Mr Idrees Masood,ownership-of-shares-75-to-100-percent; voting-rights-75-to-100-percent,23,"{""confirmation-statement"": 8, ""miscellaneous"": 2, ""address"": 2, ""accounts"": 7, ""resolution"": 1, ""persons-with-significant-control"": 2, ""incorporation"": 1}",2026-09-09,3039,1,1
electrician,Manchester,24hr Electrician of Manchester,0161 531 2806,"Statham House, Talbot Rd, Old Trafford, Stretford, Manchester M32 0FP",5,14,https://electrician24hr.lovable.app/,13190352,ESSEX ELECTRICIAN 24HR LIMITED,liquidation,ltd,2021-02-09,43210,Unit 2.01 Hollinwood Buisness Centre Hollinwood OL8 3QL,2026-12-31,2025-10-14,False,True,5,"MAY, Daniel Peter (since 2023-10-14); HARBER, Clare (since 2023-09-27); HARBER, Clare (since 2021-03-01); MAY, Daniel Peter (since 2021-07-21); MAY, Daniel Peter (since 2021-02-09)",British,7,Mr Daniel Peter May,ownership-of-shares-75-to-100-percent; voting-rights-75-to-100-percent; significant-influence-or-control; right-to-appoint-and-remove-directors,25,"{""address"": 2, ""insolvency"": 2, ""resolution"": 1, ""accounts"": 4, ""confirmation-statement"": 5, ""mortgage"": 1, ""officers"": 4, ""persons-with-significant-control"": 6}",2025-08-15,2052,0,1
electrician,Manchester,NHElectricals ltd,07533 202575,"81 Langport Ave, Manchester, M12 4NR",4.7,42,http://www.nhelectricals.co.uk/,07249538,N.H.ELECTRICALS AND PROPERTY MAINTENANCE LTD,dissolved,ltd,2010-05-11,,1 The Fold Wallsends NE6 4XL,,,False,False,1,"HOBBS, Nigel Leslie (since 2010-05-11)",English,0,,,3,"{""gazette"": 2, ""incorporation"": 1}",2011-12-27,5979,0,1
electrician,Manchester,Electric-Call Services Limited,0161 637 0734,"Address: Adamson House, Towers Business Park, Wilmslow Rd Didsbury, Greater, Manchester, M20 2YY",4.7,55,https://electric-call.co.uk/,11926585,ELECTRIC-CALL SERVICES LTD,active,ltd,2019-04-04,43210,Adamson House Towers Business Park Manchester M20 2YY,2027-01-31,2027-04-03,False,False,1,"SEATON, Vincent (since 2019-04-04)",British,1,Mr Vincent Seaton,ownership-of-shares-75-to-100-percent; voting-rights-75-to-100-percent; right-to-appoint-and-remove-directors,19,"{""persons-with-significant-control"": 1, ""officers"": 1, ""confirmation-statement"": 7, ""accounts"": 6, ""address"": 2, ""resolution"": 1, ""incorporation"": 1}",2026-05-07,2729,1,1
electrician,Manchester,AH Electrical Services,,,5,407,http://ahelectricalservices.co.uk/,15342420,AH ELECTRICAL SERVICES LIMITED,active,ltd,2023-12-11,43210,120 Russell Street Manchester M16 7JL,2026-09-30,2026-12-18,False,False,1,"HADDAD, Adam (since 2023-12-11)",British,1,Mr Adam Haddad,ownership-of-shares-75-to-100-percent; voting-rights-75-to-100-percent,5,"{""confirmation-statement"": 3, ""accounts"": 1, ""incorporation"": 1}",2025-12-24,1017,1,1
electrician,Manchester,Local Electrician 24-7 ltd | Electrical Services,07999 553838,"Seymour Grove, Old Trafford, Stretford, Manchester, M16 0TU",5,92,https://localelectrician24-7.co.uk/,16472847,LOCAL ELECTRICIAN 24-7 LTD,active,ltd,2025-05-24,43210,23 Assheton Crescent Manchester M40 1NN,2027-02-24,2027-05-23,False,False,2,"BABANZADEH, Mohammad (since 2025-05-24); ESFANDIAR, Mahmoud (since 2025-05-24)",Iranian,2,Mr Mahmoud Esfandiar; Mr Mohammad Babanzadeh,right-to-appoint-and-remove-directors; voting-rights-50-to-75-percent; voting-rights-25-to-50-percent; ownership-of-shares-25-to-50-percent; ownership-of-shares-50-to-75-percent,2,"{""confirmation-statement"": 1, ""incorporation"": 1}",2026-06-30,487,1,1
electrician,Manchester,Manchester Electric,0161 850 1610,,4.8,110,http://www.manchesterelectric.co.uk/,08258752,MANCHESTER ELECTRIC LTD,active,ltd,2012-10-18,43210,Unit 8 2nd Floor Manchester M1 5QF,2026-12-31,2026-10-18,False,False,1,"GALATI, Luciano (since 2012-10-18)",British,1,Mr Luciano Galati,ownership-of-shares-75-to-100-percent; voting-rights-75-to-100-percent,25,"{""accounts"": 13, ""confirmation-statement"": 10, ""annual-return"": 2}",2025-12-02,5088,1,1
electrician,Manchester,"HD Electrics – Electrical Services in South Manchester, Cheshire & Stockport",07871 238999,,5,53,https://hd-electrics.com/,10740634,"LIVERPOOL, MANCHESTER, CHESHIRE GASTROENTEROLOGY LIMITED",active,ltd,2017-04-25,86210,"C/O Echo Tax, Spaces Manchester Peter House Manchester M1 5AN",2027-01-31,2026-09-26,False,False,2,"SARKAR, Arun George (since 2024-10-31); SARKAR, Sanchoy (since 2017-04-25)",British; English,1,Sanchoy Sarkar,ownership-of-shares-75-to-100-percent; voting-rights-75-to-100-percent; right-to-appoint-and-remove-directors,25,"{""accounts"": 8, ""confirmation-statement"": 9, ""officers"": 2, ""persons-with-significant-control"": 1, ""address"": 3, ""capital"": 2}",2025-10-20,3438,1,1
electrician,Manchester,RN Electrical Services,07976 837343,"25 St Brannocks Rd, Chorlton-cum-Hardy, Manchester, M21 0UP",5,133,http://rnelectricalservices.co.uk/,09935354,RN ELECTRICAL SERVICES LIMITED,dissolved,ltd,2016-01-05,33140,"4th Floor, Park Gate Brighton BN1 6AF",,,False,False,1,"NAISH, Roy (since 2016-01-05)",British,2,Mrs Joanna Carol Naish; Mr Roy Naish,ownership-of-shares-25-to-50-percent; ownership-of-shares-50-to-75-percent,21,"{""gazette"": 2, ""dissolution"": 1, ""confirmation-statement"": 6, ""accounts"": 5, ""officers"": 1, ""persons-with-significant-control"": 3, ""capital"": 1, ""address"": 1, ""incorporation"": 1}",2022-09-13,3914,0,1
electrician,Manchester,Twin & Earth Electrical,07852 704349,"15 Armadale Ave, Manchester, M9 6HS",5,19,,16338302,TWIN & EARTH ELECTRICAL LTD,dissolved,ltd,2025-03-24,"33140,43210",4 Mill Lake Factory Hill Gillingham SP8 5FS,,,False,False,2,"GADD, Gareth (since 2025-03-24); WALTON, Hannah Elizabeth (since 2025-03-24)",British; English,1,Mr Gareth Gadd,ownership-of-shares-75-to-100-percent; voting-rights-75-to-100-percent; right-to-appoint-and-remove-directors,5,"{""gazette"": 2, ""dissolution"": 1, ""confirmation-statement"": 1, ""incorporation"": 1}",2026-07-14,548,0,1
electrician,Manchester,HRS Electrical Works ltd,07545 395414,"Bury New Rd, Salford, Manchester, M8 8EG",5,84,https://localmanchesterelectrician.co.uk/,16197910,HRS ELECTRICAL WORKS LTD,active,ltd,2025-01-21,"33140,43210",31 Venture Scout Way Manchester M8 8SY,2026-10-21,2027-01-20,False,False,1,"SHAFIQ, Hafeez -U- Rehman (since 2025-01-21)",British,1,Mr Hafeez -U- Rehman Shafiq,ownership-of-shares-75-to-100-percent; voting-rights-75-to-100-percent,2,"{""confirmation-statement"": 1, ""incorporation"": 1}",2026-02-11,610,1,1
electrician,Manchester,Prime Electrical Manchester Ltd,07735 904738,"Sutton Dr, Droylsden, Manchester, M43 7RX",5,17,https://www.primeelectricalmcr.co.uk/,16179344,PRIME ELECTRICAL MANCHESTER LTD,active,ltd,2025-01-13,43210,31 Sutton Drive Manchester M43 7RX,2026-10-13,2027-01-12,False,False,1,"SMITH, Daniel (since 2025-01-13)",British,1,Mr Daniel Smith,ownership-of-shares-75-to-100-percent; voting-rights-75-to-100-percent; right-to-appoint-and-remove-directors,2,"{""confirmation-statement"": 1, ""incorporation"": 1}",2026-05-19,618,1,1
dog_groomers,Manchester,"The Mutts Club, Manchester City Centre Dog Grooming",0161 413 3969,"Unit 5, The Mutts Club, 2 Lampwick Ln, Manchester M4 6BU",4.9,76,http://www.themuttsclub.co.uk/,16859871,MACKEM MUTTS DOG GROOMING LTD,active,ltd,2025-11-17,96090,1 Fountains Reach Preston PR5 4UF,2027-08-17,2026-11-16,False,False,1,"PRIOR, Lucy (since 2025-11-17)",British,1,Miss Lucy Prior,ownership-of-shares-75-to-100-percent; voting-rights-75-to-100-percent; right-to-appoint-and-remove-directors,1,"{""incorporation"": 1}",2025-11-17,310,1,1
dog_groomers,Manchester,"Arch & Bark Ltd, Manchester City Centre Dog Groomers",07776 765473,"4 Mirabel St, Cheetham Hill, Manchester, M3 1PJ",5,10,https://www.archandbark.co.uk/,16875165,BARKBERRY YARD DOG GROOMERS AND ACADEMY LTD,active,ltd,2025-11-26,96090,Cedar House The Bell Plantation Towcester NN12 6GX,2027-08-26,2026-11-25,False,False,1,"BURROWS, Leah Marie (since 2025-11-26)",British,1,Miss Leah Marie Burrows,ownership-of-shares-75-to-100-percent; voting-rights-75-to-100-percent; right-to-appoint-and-remove-directors,1,"{""incorporation"": 1}",2025-11-26,301,1,1
dog_groomers,Manchester,The Barkside Manchester City Centre,07876 623579,"Richmond House, Travis St, Manchester, M1 2NF",4.9,131,http://www.thebarksidemcr.co.uk/,11106796,THE BARKSIDE MANCHESTER LTD,active,ltd,2017-12-12,94110,Regent House Manchester M1 2NG,2027-09-30,2026-12-11,False,False,1,"DAVIES, Elkie Jazz (since 2017-12-12)",British,1,Miss Elkie Jazz Davies,significant-influence-or-control,21,"{""accounts"": 9, ""confirmation-statement"": 8, ""persons-with-significant-control"": 1, ""change-of-name"": 2, ""incorporation"": 1}",2026-08-25,3207,1,1
dog_groomers,Manchester,Manchester Dog Groomers,,"UNIT 3B, Varley Business Centre, Miles Platting, Manchester M40 8EL",4.3,23,https://www.facebook.com/smartbreedergrooming,17382033,ABSOLUTE DOGS GROOMERS LIMITED,active,ltd,2026-08-05,96090,21 Oakleigh Drive Peterborough PE2 7BG,2028-05-05,2027-08-04,False,False,1,"COOPER, Jennifer (since 2026-08-05)",British,1,Ms Jennifer Cooper,ownership-of-shares-75-to-100-percent; voting-rights-75-to-100-percent; right-to-appoint-and-remove-directors,1,"{""incorporation"": 1}",2026-08-05,49,1,1
dog_groomers,Manchester,Urbanpaw,0161 434 4581,"114 Burton Rd, West Didsbury, Manchester, M20 1LP",4.8,127,http://www.urbanpaw-grooming.co.uk/,11420187,URBANPAW GROOMING LTD,dissolved,ltd,2018-06-18,96090,114 Burton Road Manchester M20 1LP,,,False,False,1,"TAYLOR, Reilly Reece (since 2018-06-18)",British,1,Mr Reilly Reece Taylor,ownership-of-shares-75-to-100-percent; voting-rights-75-to-100-percent; right-to-appoint-and-remove-directors,16,"{""gazette"": 2, ""accounts"": 6, ""confirmation-statement"": 6, ""address"": 1, ""incorporation"": 1}",2025-11-18,3019,0,1
dog_groomers,Manchester,THEO'S,07590 194347,"Lancaster House, 80 Princess St, Manchester, M1 6NF",4.9,18,https://www.theosdogs.co.uk/,14460008,HELIOS SOLAR HOLDINGS LTD,active,ltd,2022-11-03,64209,Turashill Wardhedges Road Bedford MK45 5ED,2027-08-31,2026-11-02,False,False,1,"HARLEY, Robert Lee (since 2022-11-03)",British,1,Mr Robert Lee Harley,ownership-of-shares-75-to-100-percent; voting-rights-75-to-100-percent; right-to-appoint-and-remove-directors,9,"{""accounts"": 3, ""change-of-name"": 1, ""confirmation-statement"": 3, ""address"": 1, ""incorporation"": 1}",2026-08-20,1420,1,1
dog_groomers,Manchester,Pampered Paws Dog Grooming,07414 960725,"Springbank Farm, Tan Yard Brow, Gorton, Manchester M18 8UJ",4.8,70,http://pampered-paws-dog-grooming.co.uk/,10671536,PAMPERED PAWS DOG GROOMING LIMITED,active,ltd,2017-03-15,96090,10 Chathill Terrace Newcastle Upon Tyne NE6 3BB,2026-12-31,2027-03-14,False,False,1,"LYON, Donna (since 2017-03-15)",British,1,Miss Donna Lyon,ownership-of-shares-75-to-100-percent,21,"{""persons-with-significant-control"": 3, ""confirmation-statement"": 9, ""accounts"": 8, ""incorporation"": 1}",2026-04-13,3479,1,1
dog_groomers,Manchester,Star Spa Dog Grooming & Academy,07891 312460,"Warwick Rd, Middleton, Manchester, M24 1HU",5,46,https://www.starspadg.com/,14457851,JUST FUR DOGZ GROOMING & TRAINING ACADEMY LTD,dissolved,ltd,2022-11-02,"85320,85590",39 Chelsfield Gardens London SE26 4DJ,,,False,False,2,"FRANCES, Brett Dean (since 2022-11-02); HUGHES, Lynn Jane (since 2022-11-02)",British,2,Mr Brett Dean Frances; Ms Lynn Jane Hughes,right-to-appoint-and-remove-directors; voting-rights-50-to-75-percent; voting-rights-25-to-50-percent; ownership-of-shares-25-to-50-percent; ownership-of-shares-50-to-75-percent,6,"{""gazette"": 2, ""dissolution"": 1, ""officers"": 1, ""confirmation-statement"": 1, ""incorporation"": 1}",2025-06-24,1421,0,1
dog_groomers,Manchester,Manchester Canine Stylist,07379 113512,"64 Beech Rd, Chorlton-cum-Hardy, Manchester, M21 9EG",4.9,10,,11318733,A & A HAIR STYLISTS LIMITED,active,ltd,2018-04-19,96020,12 Duke Street Cardiff CF10 1AY,2026-12-31,2027-04-30,False,False,2,"LAZAROU, Adam George (since 2018-04-19); LAZAROU, Andreas (since 2018-04-19)",British,2,Mr Andreas Lazarou; Mr Adam George Lazarou,ownership-of-shares-25-to-50-percent; right-to-appoint-and-remove-directors; voting-rights-25-to-50-percent,25,"{""confirmation-statement"": 8, ""accounts"": 8, ""persons-with-significant-control"": 2, ""officers"": 3, ""address"": 4}",2026-05-06,3079,1,1
dog_groomers,Manchester,Calm Paws Grooming Studio,07769 471772,"69 Clifton St, Failsworth, Manchester, M35 9EF",5,23,https://www.facebook.com/people/Calm-Paws-Studio/61586122113593/?mibextid=wwXIfr&rdid=v9u0KzsyXSpxSnPl&share_url=https://www.facebook.com/share/18Lm2uJXgi/?mibextid=wwXIfr,04707368,MUCKY PAWS GROOMING STUDIO LIMITED,active,ltd,2003-03-21,96090,402 Albion Street Kingswinford DY6 0JP,2026-12-31,2027-03-03,False,False,1,"AUSTIN, Louise (since 2003-03-29)",British,1,Miss Louise Austin,ownership-of-shares-75-to-100-percent,25,"{""confirmation-statement"": 10, ""accounts"": 11, ""annual-return"": 2, ""officers"": 1, ""address"": 1}",2026-03-03,8587,1,1
