vertical,city,businessName,phone,address,rating,reviewCount,website,place_id,source,company_number,company_status,incorporation_date,sic_codes,registered_address,director_name,director_role,email,instagram,facebook,description,services
nails,Manchester,Yulia Hamilton Nails & Beauty,07858 358562,"40 Laystall St, Manchester, M1 2JQ",4.8,686,https://www.mcrnails.co.uk/?utm_source=google&utm_medium=wix_google_business_profile&utm_campaign=8432878723751390110,ChIJqc1GHw2xe0gRHlFJOBK91nU,serpapi,15554494,active,,96020,25 Woodward Street Manchester M4 7BQ,"MARTEMIANOVA, Iuliia Dmitrievna",director,you@email.com,yh_nails_and_beauty,NailsByYuliaHamilton,"Glam up your look with a visit to Nails by Yulia Hamilton in the centre of Manchester. BIAB, French and bespoke nail art across two city-centre studios.","manicure, pedicure, extensions, facial, waxing, cut, style"
nails,Manchester,"Townhouse Nail Salon, Manchester King Street",020 7947 0100,"34 King St, Manchester, M2 6AZ",4.8,325,https://townhouse.co.uk/locations/manchester/?utm_source=google&utm_medium=organic_gbp&utm_campaign=north,ChIJrY2aHTyxe0gRe6TjAWi54hI,serpapi,,,,,,,,,,,,
nails,Manchester,Shuku Nail Spa,,"Suite 117, Phenix Salon Suites, 1 Deansgate, Manchester M3 1AZ",5,71,https://shuku.co.uk/,ChIJN7qBb4Gxe0gRW-D92Q1OQvg,serpapi,,,,,,,,,,,,
nails,Manchester,Nails by Yulia Hamilton,07858 358562,"New Church House, 34 John Dalton St, Manchester, M2 6LE",4.8,592,https://www.mcrnails.co.uk/,ChIJSZsr8Zixe0gRNL_U1fmA9bg,serpapi,13742131,dissolved,,96020,Apartment C401 9 Owen Street Manchester M15 4UH,"MARTEMIANOVA, Iuliia Dmitrievna",director,you@email.com,yh_nails_and_beauty,NailsByYuliaHamilton,"Glam up your look with a visit to Nails by Yulia Hamilton in the centre of Manchester. BIAB, French and bespoke nail art across two city-centre studios.","manicure, pedicure, extensions, facial, waxing, cut, style"
nails,Manchester,Bella Spa,07554 012698,"12 Faraday St, Manchester, M1 1BE",4.9,3486,https://www.instagram.com/bellaspa_manchester/,ChIJYziDlcCxe0gR1ly9dKIhVn0,serpapi,14041608,active,,96020,207 Nantwich Road Crewe CW2 6DA,"NGUYEN, Thuy Giang",director,,,,,
nails,Manchester,The Glow Nail & Beauty,07496 806666,"Suite 104, within phenix salon suites, No. 1 Deansgate, Manchester, M3 1AZ",5,59,https://linktr.ee/FaraNNail,ChIJtyv3opyxe0gRtClj_xtFY4o,serpapi,,,,,,,,,,,,
nails,Manchester,Classy Nails & Beauty Manchester,0161 971 1665,"1 Whittle St, Manchester, M4 1LT",4.7,622,https://www.instagram.com/classynailsandbeautymcr/?hl=en,ChIJpYaG3juxe0gRnCGKBBEZcVc,serpapi,15631901,dissolved,,96020,Black Horse Chambers 231 Elliott Street Manchester M29 8DG,"NGUYEN, Tien Van",director,,,,,
nails,Manchester,ACE NAILS,,"Suite 103, within phenix salon suites, 1 Deansgate, Manchester M3 1AZ",4.9,170,http://instagram.com/acenailsmcr/,ChIJUddMoVaxe0gR24bb-Zu0shM,serpapi,15146418,active,,96020,6 Higher Road Manchester M41 9BQ,"VU, Quan Van",director,,,,,
nails,Manchester,M1 Nails Shudehill,0161 526 0776,"15a Shudehill, Manchester, M4 2AF",4.5,1439,https://m1nails2024.setmore.com/,ChIJDVjzWN6xe0gRO_HDw4cruUo,serpapi,13722598,dissolved,,96020,7 Shudehill Manchester M4 2AF,"LE, Cong Khanh",director,,,,,"manicure, pedicure, gel, acrylic, extensions, colour, style"
nails,Manchester,LILLY NAIL AND BEAUTY MANCHESTER,0161 425 5858,"14-16 Whitworth St, Manchester, M1 3BS",4.5,657,http://www.lillynailnbeauty.co.uk/,ChIJuXrl8JWxe0gRs0oicn73uJI,serpapi,,,,,,,,,,,,
nails,Manchester,Misha & Eti Beauty Studio,0161 393 3388,"118 High St, Manchester, M4 1HQ",4.9,273,http://mishaetibeauty.co.uk/,ChIJG6G3ZEixe0gRXwREFuOCqFY,serpapi,14781129,active,,96020,118 High Street Manchester M4 1HQ,"GHASEMZADEH, Ehteram",director,Mishaetibeauty@gmail.com,nailsmanchester,share,,"manicure, pedicure, extensions, cut, style"
nails,Manchester,Love Nails Manchester,0161 222 3690,"28 Blackfriars St, Salford, M3 5BQ",4.7,142,https://instagram.com/m_lovenails_?igshid=YmMyMTA2M2Y=,ChIJxR2XUeaxe0gRwpsnlg2NZhY,serpapi,,,,,,,,,,,,
nails,Manchester,JANEA Nails & Beauty,0161 376 5648,"15-17 Chapel Walks, Manchester, M2 1HN",4.6,275,https://janea.co.uk/,ChIJC_H_HICxe0gRY6BMkYYJ9mE,serpapi,,,,,,,,hello@janea.co.uk,janeabeauty_,JaneaNailsAndWaxing,"Chapel Walks, Manchester City Centre. 4.6 rated. Specialists in nails &amp; waxing. Experienced &amp; friendly beauticians. Online bookings available.","manicure, pedicure, gel, acrylic, extensions, facial, waxing, style"
nails,Manchester,Bella Naillash – Nail Salon Manchester,07356 268849,"Manchester, Princess St, China Town",5,217,https://www.bellanaillash.com/book-online,ChIJJaMoIY2xe0gRtZpMvb2InWg,serpapi,,,,,,,,605a7baede844d278b89dc95ae0a9123@sentry-next.wixpress.com,,,,"manicure, pedicure, gel, extensions, colour, cut, style"
nails,Manchester,Beauty and Bubbles,0161 228 3375,"47 Dale St, Manchester, M1 2HF",4.7,1413,https://www.beautyandbubbles.co.uk/,ChIJM6Q7j76xe0gRfjs-_l23_Ko,serpapi,07965805,active,,96020,47 Dale Street Manchester M1 2HF,"LEESON, Daniel, Mr.",director,hello@beautyandbubbles.co.uk,beautyandbubbs,beautyandbubs,"Beauty salon in Manchester City Centre&#039;s Northern Quarter. Shellac Gel nails, BIAB, Manicures, pedicures, waxing, spray tans &amp; facials. Free bubbles with nails!","manicure, pedicure, gel, facial, waxing, colour, style"
nails,Manchester,Bisou Nail Studio,07888 697303,"73-75 Lever St, Manchester, M1 2AP",4.7,40,,ChIJ9zYmCwuxe0gR_nk2SM1kwiU,serpapi,,,,,,,,,,,,
nails,Manchester,Eleganza Nails,07397 303767,"49 Piccadilly 49 Piccadilly House office number 313, Manchester, M1 2AP",5,121,,ChIJX0w19Oqxe0gRbdNX1_bTjHM,serpapi,15921458,active,,96020,18d Church Street West Manchester M26 2SQ,"YAZDAN KHAH, Leila",director,,,,,
nails,Manchester,Ivy Nails,0161 236 8732,"14a Oxford Rd, Manchester, M1 5QA",4.2,676,https://www.ivynailsmanchester.co.uk/,ChIJf46K9mCxe0gRK4t1Xz9UTAs,serpapi,10447087,active,,96020,7 Victoria Road Nottingham NG4 2LA,"XIAO, Wei",director,u003cnoreply@ivynailsmanchester.co.uk,,,"Ivy Nails – 14a Oxford Rd, Manchester, M1 5QA, United Kingdom","manicure, pedicure, gel, acrylic, extensions, colour, style"
nails,Manchester,Create & Coat Nail Salon,07445 630465,"Fl 0, Harvey Nichols, 21 New Cathedral St, Manchester M1 1AD",4.6,71,,ChIJs9zi_aSxe0gRqJ1UA5UVQAI,serpapi,,,,,,,,,,,,
nails,Manchester,Nails Icon,07928 195181,"76 Bridge St, Manchester, M3 2RJ",4.3,134,https://nailsicon.loviebooking.co.uk/,ChIJ5S3m9MOxe0gR580Svdz_VOA,serpapi,15969441,active,,96020,76 Bridge Street Manchester M3 2RJ,"NGO, Hieu Quang",director,Thanhdung445@gmail.com,nailsiconmcr,,"Book professional beauty services at Nails Icon. Online booking available for nail treatments, manicures, pedicures and more.","manicure, pedicure, gel, acrylic, colour, style"
electrician,Manchester,24 Hour Electrician Manchester,0161 531 8870,"32 Dean St, Manchester, M4 5BG",4.9,55,https://mcr24hrelectrician.lovable.app/,ChIJsZfx2YgUSyMRaHD61vgj7G0,serpapi,,,,,,,,,,,"24/7 emergency electrician in Manchester. Fault diagnosis, fuse boards, EICR, EV chargers &amp; more. Certified, insured, fast response. Call 0161 531 8870.",style
electrician,Manchester,The Emergency Electricians,07703 295654,"39 Slade Ln, Levenshulme, Manchester, M13 0QJ",5,257,https://www.theemergencyelectricians.co.uk/,ChIJ3Spn9Q_tRUwR6NXMveHxVtc,serpapi,,,,,,,,,clickscode,,"24/7 emergency electricians for Manchester and Cheshire East, typically within 60 minutes. An electrician answers, not a call centre. Call 07703 295654.","cut, style"
electrician,Manchester,Romelec Electrical Limited,,"304, Beaumont Building, 22 Mirabel St, Cheetham Hill, Manchester M3 1DX",5,239,https://www.romelec.co.uk/,ChIJCeCdc0VaA48Rl0KVzN9_mhY,serpapi,,,,,,,,,,,,
electrician,Manchester,AES Electrical Services,07490 705167,"Hanworth Cl, Manchester, M13 9LD",5,160,https://www.aeselectricians.co.uk/,ChIJ4U4o_FZ30QYRO3qgKzVakR0,serpapi,,,,,,,,info@aeselectricians.co.uk,aeselectricalservices,people,"AES Electrical Services Manchester Electricians Providing Expert Electrical Services Including Lighting, Sockets, EV Charger Installation, EICR, Consumer Units & Rewiring in the Manchester Area",style
electrician,Manchester,KHL Electrical Contractors - Manchester,07458 947688,,4.8,78,http://www.khlelectricalcontractors.co.uk/,ChIJtWy1mUOxe0gRC5N0feTel4k,serpapi,,,,,,,,info@khlelectricalcontractors.co.uk,khlelectrical,khlelectricalservices,Meta description: Need an emergency electrician in Manchester? KHL offers 24/7 fault-finding and electrical repairs for homes and businesses. Contact us now for fast and reliable solutions to all your,"gel, extensions, colour, wash, cut, style"
electrician,Manchester,AK Electrical Services,07888 731205,"Brooklyn Ave, Manchester, M16 0BY",5,279,http://akelectricians.co.uk/,ChIJmQNJCfute0gRk1ZZzRqAyWs,serpapi,,,,,,,,admin@akelectricians.co.uk,akelectricalservices7,Akelectricalservices4u,Get FREE Quotes Within Minutes From Certified Local Electrician Manchester. All Work Is GUARANTEED | Call Now On 0161 706 0747 |,"extensions, style"
electrician,Manchester,Plug Electrical Services,07943 095215,"9 Selborne Rd, Chorlton-cum-Hardy, Manchester, M21 0BL",5,145,https://plugelectrical.uk/,ChIJFxAy1wite0gRmW4UPZg40uQ,serpapi,,,,,,,,,plug_electrical,theplugmanchester,"Plug Electrical Services offers expert electrical solutions in Manchester, including emergency repairs, rewiring, and installations. Call today for 24/7 service","gel, style"
electrician,Manchester,MAP Electrical,07466 889440,"104 Wilbraham Rd, Fallowfield, Manchester, M14 7DR",5,127,http://www.mapelectrical.co.uk/,ChIJH0Z73xeye0gRmelQ2JSsI6I,serpapi,,,,,,,,mapelecuk@gmail.com,mapelecuk,mapelectrical,"MAP Electrical MCR Ltd: Your trusted NAPIT-approved electrical contractors in Manchester. Commercial &amp; domestic installations, repairs, maintenance. Get a free quote today!","colour, style"
electrician,Manchester,MCR Electrical Services,07405 431800,,5,69,https://mcrelectrical.uk/,ChIJaeYEZxnhRWkRpEvZ031il0Y,serpapi,,,,,,,,mcrelectricalservices@gmail.com,,adeelm13.sg,Best Electrician in Manchester. Trusted by Loacal Community. Rated 5 Stars. 100% Client Satisfication. All Work is Guranteed For 10 Years. Call Now!,"colour, style, cleaning"
electrician,Manchester,24hr Electrician of Manchester,0161 531 2806,"Statham House, Talbot Rd, Old Trafford, Stretford, Manchester M32 0FP",5,14,https://electrician24hr.lovable.app/,ChIJsXxti-nqVIIRe3_YRWlb5uY,serpapi,,,,,,,,,,,"24/7 emergency electrician in Manchester. 30–60 minute response, certified &amp; insured. Fuse boards, EICR, EV chargers, repairs. Call 0161 531 2806.",style
electrician,Manchester,NHElectricals ltd,07533 202575,"81 Langport Ave, Manchester, M12 4NR",4.7,42,http://www.nhelectricals.co.uk/,ChIJR4AGf3ixe0gRWYKtbVEHFj8,serpapi,,,,,,,,,,,"NICEIC approved electricians in Manchester. Domestic & Commercial services, EV Chargers, and Emergency Callouts. Call 07533 202575.",style
electrician,Manchester,Electric-Call Services Limited,0161 637 0734,"Address: Adamson House, Towers Business Park, Wilmslow Rd Didsbury, Greater, Manchester, M20 2YY",4.7,55,https://electric-call.co.uk/,ChIJqzLggMGte0gRx2nutk8xjaE,serpapi,,,,,,,,hello@electric-call.co.uk,mr_electric_call,Mrelectriccall,Our Electricians in Stockport offer an extensive range of same-day electrical services to fix all types of electrical issues in domestic &amp; commercial premises.,"cut, style"
electrician,Manchester,AH Electrical Services,,,5,407,http://ahelectricalservices.co.uk/,ChIJ84QpW8Gze0gRVIHP7cpwYnI,serpapi,,,,,,,,,,,"NAPIT-registered electricians in Manchester. Domestic, commercial, EV charging and 24/7 emergency call-outs. Call or WhatsApp 0161 706 7671.",style
electrician,Manchester,Local Electrician 24-7 ltd | Electrical Services,07999 553838,"Seymour Grove, Old Trafford, Stretford, Manchester, M16 0TU",5,92,https://localelectrician24-7.co.uk/,ChIJOx3EyXive0gRyL9ZDhwjKgY,serpapi,,,,,,,,office@localelectrician24-7.co.uk,,,Responsive mega-menu component for Local Electrician 24-7 Ltd in Manchester.,"colour, cut, style"
electrician,Manchester,Manchester Electric,0161 850 1610,,4.8,110,http://www.manchesterelectric.co.uk/,ChIJozDYf-yxe0gR5vt77oDZlMA,serpapi,,,,,,,,ask@manchesterelectric.co.uk,,manchesterelectric,Electricians & electrical contractors in Manchester. Emergency electricians from Manchester electric,style
electrician,Manchester,"HD Electrics – Electrical Services in South Manchester, Cheshire & Stockport",07871 238999,,5,53,https://hd-electrics.com/,ChIJHZLeiuA3zikRg6_f9MdELKY,serpapi,,,,,,,,,,,,
electrician,Manchester,RN Electrical Services,07976 837343,"25 St Brannocks Rd, Chorlton-cum-Hardy, Manchester, M21 0UP",5,133,http://rnelectricalservices.co.uk/,ChIJ9euxHiWte0gRqbjn7rRLu54,serpapi,,,,,,,,hello@pixelarity.com,,,,style
electrician,Manchester,Twin & Earth Electrical,07852 704349,"15 Armadale Ave, Manchester, M9 6HS",5,19,,ChIJCfK0qAuxe0gRx9r-ZVOo87Y,serpapi,,,,,,,,,,,,
electrician,Manchester,HRS Electrical Works ltd,07545 395414,"Bury New Rd, Salford, Manchester, M8 8EG",5,84,https://localmanchesterelectrician.co.uk/,ChIJRX0k6Zx1LGYRgqmsRiT0OsQ,serpapi,,,,,,,,HRS-Electrical@hotmail.co.uk,,,"Trusted &amp; qualified electrician in Greater Manchester. 18th Edition certified. 24/7 emergency call-outs, fuse box upgrades, rewiring, EICR inspections. Call 07545 395 414.",style
electrician,Manchester,Prime Electrical Manchester Ltd,07735 904738,"Sutton Dr, Droylsden, Manchester, M43 7RX",5,17,https://www.primeelectricalmcr.co.uk/,ChIJb_nifzrJxwwR3XRNMG9nk4E,serpapi,,,,,,,,,primeelectricalmcr,2008,"Prime Electrical Manchester offers expert residential, commercial, and industrial electrical services across Manchester. NAPIT registered — get your free quote today.","cut, style"
dog_groomers,Manchester,"The Mutts Club, Manchester City Centre Dog Grooming",0161 413 3969,"Unit 5, The Mutts Club, 2 Lampwick Ln, Manchester M4 6BU",4.9,76,http://www.themuttsclub.co.uk/,ChIJt-6OXPCke0gRvAnsHROGb7Q,serpapi,,,,,,,,605a7baede844d278b89dc95ae0a9123@sentry-next.wixpress.com,themuttsclub_mcr,themuttsclub,,"gel, extensions, grooming, wash, cut, style"
dog_groomers,Manchester,"Arch & Bark Ltd, Manchester City Centre Dog Groomers",07776 765473,"4 Mirabel St, Cheetham Hill, Manchester, M3 1PJ",5,10,https://www.archandbark.co.uk/,ChIJR0fypxmxe0gRa4kjkyh3lnQ,serpapi,,,,,,,,,archandbark,,,"grooming, wash, cut, style, cleaning"
dog_groomers,Manchester,The Barkside Manchester City Centre,07876 623579,"Richmond House, Travis St, Manchester, M1 2NF",4.9,131,http://www.thebarksidemcr.co.uk/,ChIJB1NGA5ixe0gRxE9tMk-mKeQ,serpapi,,,,,,,,info@thebarksidemcr.co.uk,thebarksidemcr,thebarksidemcr,Based near Piccadilly in Manchester and provide dog day care and grooming as well as a a range of doggy-related products that are available to order online.,"colour, grooming, style"
dog_groomers,Manchester,Manchester Dog Groomers,,"UNIT 3B, Varley Business Centre, Miles Platting, Manchester M40 8EL",4.3,23,https://www.facebook.com/smartbreedergrooming,ChIJZ5DO8ySxe0gREjulJlXZnMs,serpapi,,,,,,,,,,,,
dog_groomers,Manchester,Urbanpaw,0161 434 4581,"114 Burton Rd, West Didsbury, Manchester, M20 1LP",4.8,127,http://www.urbanpaw-grooming.co.uk/,ChIJ69yL42uye0gR-exqzP_3fpY,serpapi,,,,,,,,605a7baede844d278b89dc95ae0a9123@sentry-next.wixpress.com,urbanpawgrooming,urbanpawgrooming,Urbanpaw Award Winning Dog Groomers - Home Page,"gel, extensions, grooming, cut, style"
dog_groomers,Manchester,THEO'S,07590 194347,"Lancaster House, 80 Princess St, Manchester, M1 6NF",4.9,18,https://www.theosdogs.co.uk/,ChIJZ30Bm7Oxe0gRmQzI6erYWiI,serpapi,,,,,,,,astigma@astigmatic.com,theosdogs,profile.php,Discover expert dog grooming in Manchester with personalised care for your furry friends. Book your appointment today!,"gel, haircut, colour, grooming, cut, style, cleaning"
dog_groomers,Manchester,Pampered Paws Dog Grooming,07414 960725,"Springbank Farm, Tan Yard Brow, Gorton, Manchester M18 8UJ",4.8,70,http://pampered-paws-dog-grooming.co.uk/,ChIJ34h1ZlGxe0gRQgfF4mj9vOY,serpapi,,,,,,,,,,pamperedpawsdoggroominguk,Pampered Paws is a professional dog groomers based in Manchester. We offer professional dog grooming services to Manchester & the surrounding area.,"grooming, cut, style"
dog_groomers,Manchester,Star Spa Dog Grooming & Academy,07891 312460,"Warwick Rd, Middleton, Manchester, M24 1HU",5,46,https://www.starspadg.com/,ChIJl3W7cWqxe0gR_kHoo0tmW4Q,serpapi,,,,,,,,,,,,"extensions, grooming, cut, style"
dog_groomers,Manchester,Manchester Canine Stylist,07379 113512,"64 Beech Rd, Chorlton-cum-Hardy, Manchester, M21 9EG",4.9,10,,ChIJQbiaOkCte0gRPMkCLaS4Tqc,serpapi,,,,,,,,,,,,
dog_groomers,Manchester,Calm Paws Grooming Studio,07769 471772,"69 Clifton St, Failsworth, Manchester, M35 9EF",5,23,https://www.facebook.com/people/Calm-Paws-Studio/61586122113593/?mibextid=wwXIfr&rdid=v9u0KzsyXSpxSnPl&share_url=https://www.facebook.com/share/18Lm2uJXgi/?mibextid=wwXIfr,ChIJkUbKz-O3e0gRo9dXxgeU08Y,serpapi,,,,,,,,,,,,
dog_groomers,Manchester,Lucy's Groom Room,07760 935239,"Saddlewood Ave, East Didsbury, Manchester, M19 1QW",5,59,,ChIJj7ia9Veze0gRj6YuoFwq5rM,serpapi,,,,,,,,,,,,
dog_groomers,Manchester,Shearzam dog grooming,07850 799266,"2, Manchester, M18 7BF",5,23,,ChIJA7S9VVuxe0gRWvwgOg6j9TA,serpapi,,,,,,,,,,,,
dog_groomers,Manchester,J.C Pets pamper & Groom,07769 721750,"95 Vine St, Abbey Hey, Manchester, M18 8SR",4.8,18,,ChIJHdYUB02xe0gRFyQMuQxCM1k,serpapi,,,,,,,,,,,,
dog_groomers,Manchester,Puppy Power Mobile Dog Grooming,07926 523732,"3 Imperial Wy, Manchester, M9 8GQ",4.3,44,,ChIJe87L84UHe0gRx6pid0xppVs,serpapi,,,,,,,,,,,,
dog_groomers,Manchester,Pups & Dreams Spa & Academy Ltd Denton,07592 222056,"65 Manchester Rd, Denton, Manchester, M34 2AF",4.9,226,http://www.pupsanddreams.co.uk/,ChIJEWnqVwC1e0gRS4bKIB_2aKY,serpapi,,,,,,,,pupsanddreamsltd@outlook.com,pupsanddreams,,"Pups & Dreams Spa & Academy - Award-winning dog grooming salon and CPD accredited training academy in Denton, Manchester. Professional grooming for all breeds.","grooming, style"
dog_groomers,Manchester,Woof To Wag,07963 592498,"59 Doncaster Ave, Withington, Manchester, M20 1DH",5,11,,ChIJiYqlVRSye0gRUca7KApsRgg,serpapi,,,,,,,,,,,,
dog_groomers,Manchester,Garside’s Grooming,07356 216900,"3 Burgess Dr, Failsworth, Manchester, M35 0EU",5,29,https://www.instagram.com/garsidesgrooming?igsh=MXEyc2JxbHZub3RxeA==,ChIJMbsTxo7u-mIRGFEkyw9zG5w,serpapi,,,,,,,,,,,,
dog_groomers,Manchester,Scruffy to Fluffy,07526 141800,"166 Nuthurst Rd, New Moston, Manchester, M40 3WG",4.6,30,,ChIJB281316xe0gRKsWQSn_CpwM,serpapi,,,,,,,,,,,,
dog_groomers,Manchester,Loubie Lou’s Dog Grooming,07494 755736,"444 Hollinwood Ave, Manchester, M40 0JH",5,21,,ChIJh_kOUa-xe0gRa1_J_l1YuWY,serpapi,,,,,,,,,,,,
dog_groomers,Manchester,Cooper & Paws,07897 751787,"77b Long St, Middleton, Manchester, M24 6UN",4.9,80,https://www.facebook.com/Cooperandpaws,ChIJL-o-w227e0gRaeanNnJPzj4,serpapi,,,,,,,,,,,,
cleaners,Manchester,Manchester House Cleaning Services,0161 676 2888,"61 Mosley St, Manchester, M2 3HZ",4.9,201,https://www.manchesterhousecleaningservices.co.uk/,ChIJ77jOY2ixe0gRcFv_j-ozv_M,serpapi,,,,,,,,office@manchesterhousecleaningservices.co.uk,,plugins,"Book our professional cleaning services in Manchester, we provide end of tenancy cleaning, deep cleaning, bulders cleaning and more.","wash, style, cleaning, deep clean, window cleaning"
cleaners,Manchester,Cleaner in Manchester (0161) Ltd,0161 710 4789,"St James Tower, 7 Charlotte St, Manchester, M1 4DZ",4.9,29,https://0161cleanerinmanchester.co.uk/,ChIJxzeHF4Cxe0gRrqBHga7lz84,serpapi,,,,,,,,info@0161cleanerinmanchester.co.uk,cleanerinmanchester0161,,"Looking for the best cleaning service in Manchester? Cleaner in Manchester 0161 Ltd provides reliable domestic, commercial, deep cleaning and end-of-tenancy cleaning across Manchester, with profession","wash, style, cleaning, deep clean, window cleaning"
cleaners,Manchester,Cleaners With Pride,07840 017649,"23 Pattishall Cl, Manchester, M4 7DU",4.9,804,https://www.cleanerswithpride.co.uk/,ChIJS0HUGLuxe0gRAnGF23ehfW0,serpapi,,,,,,,,,,,,
cleaners,Manchester,Best Cleaners LTD,07352 003376,"Connecticut Street, Manchester, M1 1AD",5,39,https://bestcleanersltd.uk/,ChIJHXQ4gAWxe0gR8xZ5UhRo5sY,serpapi,,,,,,,,bestcleanersltd0@gmail.com,,share,"At best cleaners Services, we provide eco-friendly residential and commercial cleaning, committed to creating spotless and healthy spaces in the [Your City] area through meticulous attention to detail","wash, cut, style, cleaning, deep clean"
cleaners,Manchester,Kinderlee Cleaning,0161 438 6021,"The business Centre, Aldow Enterprise Park, Piccadilly, Blackett St, Manchester M12 6AE",5,110,http://www.kinderleecleaning.co.uk/,ChIJ7QsQWaWxe0gRs5W351SZ75k,serpapi,,,,,,,,enquiries@kinderleecleaning.co.uk,kinderleecleaning,Kinderleecleaning,Manchester&#039;s city centre&#039;s best friendly cleaning company,"wash, cut, style, cleaning, deep clean, window cleaning"
cleaners,Manchester,FirstMaid Cleaners,,"83 Ducie St, Manchester, M1 2JQ",4.3,185,https://firstmaid.co.uk/,ChIJwUlu0zyxe0gRXffLsLVa8Rw,serpapi,,,,,,,,hello@firstmaid.co.uk,firstmaid.co.uk,FirstMaidUK,,"colour, cut, style, cleaning, deep clean"
cleaners,Manchester,Ivory Cleaning Company,0161 393 9247,"Bartle House, Oxford Rd, Manchester, M2 3WQ",5,18,https://www.ivorycleaning.co.uk/,ChIJhdUvmnJ1Yo0RRBi5-OgPXRs,serpapi,,,,,,,,sophia@email.com,,,"Professional deep cleaning, end-of-tenancy and domestic cleaning across Manchester and Greater Manchester. Vetted cleaners, fully insured, no contracts.","cut, style, cleaning, deep clean"
cleaners,Manchester,Frontline Cleaners Manchester.,07513 442399,"Bartle House, 9 Oxford Ct, Manchester, M2 3WQ",4.8,51,http://frontlineexpress.co.uk/,ChIJy7Rhx5Kxe0gRG8FVWxgj9MY,serpapi,,,,,,,,info@frontlinecleanersxpress.co.uk,frontline_cleaners_mcr,frontlinecleaners,"Reliable cleaners in Manchester for homes and businesses. Fast quotes, flexible booking, 5★ rated service.","style, cleaning, deep clean"
cleaners,Manchester,D Deep cleaning Services ltd,07459 416262,"48a Gill St, Manchester, M9 4FZ",4.8,89,https://www.ddeepcleaningservices.com/,ChIJd81xhROxe0gRXEsbGXVOPh4,serpapi,,,,,,,,clean@ddeepcleaningservices.com,,,"Expert deep cleaning, regular domestic, end of tenancy, office, carpet, oven, after builders &amp; more in Manchester, Liverpool, Salford, Oldham, Bolton, Stockport, Warrington, Rochdale, Bury, Wigan,","style, cleaning, deep clean"
cleaners,Manchester,AJOL Cleaning Services Manchester,07493 253331,"66B Floyd Ave, Manchester, M21 7NB",4.6,29,http://www.ajolcleaningservices.co.uk/,ChIJkeuZaYmte0gRPoYnBSghAsk,serpapi,,,,,,,,ajolcleaningservices@gmail.com,,,"Looking for a professional cleaning company in Manchester? Look no further than AJOL Cleaning Services. We offer a range of customizable cleaning services, including End of Tenancy Cleaning, to ensure","style, cleaning, deep clean, window cleaning"
cleaners,Manchester,Olico Commercial Cleaning,0330 133 1094,"11th floor, 3 Piccadilly Pl, Manchester, M1 3BN",5,442,http://www.olico.co.uk/,ChIJC4RJHmmue0gRzmTlAdLyca8,serpapi,,,,,,,,info@olico.co.uk,olicouk,olico.co.uk,"Five-star rated commercial cleaning services for Manchester, Liverpool, and Salford. Contact Olico for reliable and professional cleaning today.","gel, extensions, colour, cut, style, cleaning"
cleaners,Manchester,Venia Cleaning Co,0161 706 2428,"Bartle House, 9 Oxford Ct, Manchester, M2 3WQ",5,18,https://veniacleaning.co.uk/,ChIJ-ZUNKJ2BRqERcD19gD0J1oU,serpapi,,,,,,,,hello@veniacleaning.co.uk,,,"Manchester's most reliable commercial and domestic cleaning company. Office contracts, retail, end of tenancy & specialist deep cleans. Based in Manchester M2. Call 0161 706 2428.","style, cleaning, deep clean"
cleaners,Manchester,Homeclean Manchester,0161 241 2761,"Unit 8, Cuthbert Business Centre, Manchester, M11 2NA",4.3,60,http://www.homeclean.co.uk/manchester/?utm_source=GMBlisting&utm_medium=organic,ChIJq6qq54yze0gReJ3v_r-XJGs,serpapi,,,,,,,,manchester.office@homeclean.co.uk,,tr,"Hi, I&amp;#039;m Jen and I manage Homeclean in the Manchester area.

I know from my own experience how difficult and time consuming finding a reliable and experienced cleaner can be.  Here at Homecl","gel, cut, style, cleaning"
cleaners,Manchester,Spring Staffing Cleaning Services Ltd,07493 756203,"16 Chinley Ave, Manchester, M40 9HT",4.9,169,https://springstaffingcleaningservices.co.uk/,ChIJy_xqnCWs008RfT69uXOni2c,serpapi,,,,,,,,,springstaffingcleaning,share,"Spring Staffing Cleaning Services offers reliable, high-quality domestic and commercial cleaning across the UK. From regular house cleaning to deep cleans, office maintenance, and end of tenancy servi","wash, style, cleaning, deep clean"
cleaners,Manchester,White Regal Cleaning Services,0161 399 1632,"The business Centre, Aldow Enterprise Park, Piccadilly, Blackett St, Manchester M12 6AE",4.8,33,http://www.whiteregal.co.uk/,ChIJOWJo04wQRmARLAmjXtaNhDU,serpapi,,,,,,,,info@whiteregal.co.uk,white_regal,people,White Regal Cleaning Services was established to provide reliable and professional Cleaning service in Manchester,"gel, style, cleaning, deep clean, window cleaning"
cleaners,Manchester,Exclusive Pro Cleaning,0161 222 0076,"16 Hallworth Rd, Crumpsall, Manchester, M8 5UW",4.9,65,https://exclusiveprocleaning.co.uk/,ChIJUw62SKile0gRCfjALHsPWRM,serpapi,,,,,,,,sales@exclusiveprocleaning.co.uk,exclusive_procleaning,ExclusiveProCleaning,"Domestic, office and Airbnb cleaning across Manchester, from regular cleans to deep and oven cleaning, for homes and workplaces that want the job done well.","cut, style, cleaning, deep clean"
cleaners,Manchester,House Cleaners Service - Wecasa Domestic Cleaning,07361 593614,"Southcross Rd, Manchester, M18 7NW",4.9,124,http://www.wecasa.co.uk/domestic-cleaning/places/manchester?utm_campaign=cleaning&utm_medium=mybusiness&utm_source=google,ChIJf2WGcKgxPqURgh-_n7c9EnE,serpapi,,,,,,,,cleaning-mobile@2x-24b99cf79f78911ddfde.jpg,,,,"manicure, pedicure, gel, facial, waxing, haircut, colour, balayage"
cleaners,Manchester,The Professional Cleaning Co,0161 307 3373,"Colony, 76 King St, Manchester, M2 4NH",4.8,66,https://www.theprofessionalcleaningcompany.co.uk/,ChIJj4pyuE-xe0gRSox3dX1xs3w,serpapi,,,,,,,,ben@theprofessionalcleaningcompany.co.uk,theprofessionalcleaningcompany,theprofessionalcleaningco,The Professional Cleaning Company provides reliable commercial cleaning services across Manchester and Greater Manchester. ,"gel, wash, style, cleaning, deep clean, window cleaning"
cleaners,Manchester,MSG Cleaners Manchester,0333 054 0291,"2 Ashfield Rd, Cheadle, SK8 1BB",5,20,http://www.msgcleaners.co.uk/,ChIJwSFCIE-ze0gR-LxCoixA2Kw,serpapi,,,,,,,,info@msgcleaners.co.uk,msg_cleaners,people,"Professional cleaning services in Manchester — domestic, commercial, deep cleaning and end of tenancy cleans. Fully insured, free no obligation quotes in 60 seconds. Call 03330540291.","wash, style, cleaning, deep clean, window cleaning"
cleaners,Manchester,Isla Rose cleaning services LTD,07880 877259,"Grosvenor St, Manchester, M1 7EW",4.6,40,http://rafikicleaningservices.co.uk/,ChIJ3UfCx_6xe0gRdWX1ajoHwUI,serpapi,,,,,,,,,,,,
hair,Manchester,Melissa Timperley Hair Salon,0161 834 5945,"City Centre, 67 Tib St, Manchester, M4 1LS",4.9,668,http://www.melissa-salons.com/?utm_source=gmb&utm_medium=Organic&utm_campaign=gmb%20traffic,ChIJKYDpLrmxe0gRdfdUbb4XPQs,serpapi,,,,,,,,appointments@melissa-salons.com,melissatimperleysalons,MelissaTimperleySalons,,"gel, haircut, colour, balayage, grooming, cut, style"
hair,Manchester,Rush Hair Manchester,0161 241 7618,"69 Deansgate, Manchester, M3 2BW",4.3,604,https://www.rush.co.uk/salons/manchester,ChIJzydzjcOxe0gRdCDY4lDGJms,serpapi,,,,,,,,,accounts,RUSHHairAndBeauty,"Visit our Rush hairdressers in Manchester at 69 Deansgate and find your new look, thanks to our talented team of stylists.","gel, extensions, haircut, colour, balayage, wash, cut, style"
hair,Manchester,LoA Tokyo Manchester,07778 432650,"38 Spear St, Manchester, M1 1AS",4.9,165,,ChIJe8lnPaSxe0gRcnxwXyT4xno,serpapi,,,,,,,,,,,,
hair,Manchester,The Studio,0161 236 4182,"10 Stevenson Square, Manchester, M1 1FB",5,211,http://www.thestudiomanchester.co.uk/,ChIJy53t6Z2xe0gROnuj8eeaOWQ,serpapi,,,,,,,,,,,,style
hair,Manchester,RCNQ,0161 222 0200,"16 Whittle St, Manchester, M4 1LT",4.8,761,http://www.rcnq.co.uk/,ChIJ_1et076xe0gRBpxO9rkJRcQ,serpapi,,,,,,,,info@rcnq.co.uk,rcnq,2008,"RCNQ is a queer and disabled-owned alternative hair salon in Manchester’s Northern Quarter, specialising in razor cuts, creative colour, curls and texture. ","extensions, haircut, colour, cut, style"
hair,Manchester,Trevor Sorbie Manchester,0161 839 2255,"19 Spring Gardens, Manchester, M2 1FB",4.9,445,https://trevorsorbie.com/salon/manchester-hairdresser/,ChIJZbLf5cCxe0gRL_2yPkvVNpA,serpapi,,,,,,,,manchesterbookings@trevorsorbie.com,trevorsorbie,TrevorSorbie,Award winning hair salon in Manchester with expert hairdressers offers personalised services &amp; hair treatments. From haircuts to color &amp; blow-dry. Book online for the best experience in Manche,"gel, extensions, haircut, colour, balayage, wash, cut, style"
hair,Manchester,Vox Hairdressing,0161 637 4077,"City Centre, 50 Port St, Manchester, M1 2EQ",4.9,707,http://www.voxhairdressing.com/,ChIJ1yI8ILyxe0gRBzw1ke3pKr4,serpapi,,,,,,,,,voxhairdressing,2008,Boutique hair salon based in Manchester's Northern Quarter - Some of the best hairdressers in the city centre provide our customers with the highest quality service in all aspects of men &amp; women's,"gel, colour, balayage, cut, style"
hair,Manchester,Reuben Wood Hair Salon,0161 832 6363,"110 High St, Manchester, M4 1HQ",4.9,432,http://www.reubenwood.co.uk/,ChIJs8iY47ixe0gRZt-SZlDjHhs,serpapi,,,,,,,,,reubenwoodhair,reubenwoodhair,,"gel, extensions, haircut, colour, balayage, cut, style, photography"
hair,Manchester,Dalton Salon,0161 834 5802,"39 John Dalton St, Manchester, M2 6DN",4.8,392,http://daltonstreetsalon.com/,ChIJ3ZgYyY-xe0gRg4dzEkMuZqI,serpapi,,,,,,,,hello@daltonstreetsalon.com,daltonsalon,thedaltonsalon,,"gel, haircut, colour, grooming, wash, cut, style"
hair,Manchester,Nicky Oliver Hairdressing,0161 241 0380,"32 Oldham St, Manchester, M1 1JN",4.6,916,https://nickyoliver.com/,ChIJ47Lm176xe0gRwFBRsP3BDlE,serpapi,,,,,,,,info@nickyoliver.com,nickyoliverhairdressing,nickyoliverhair,Multi award-winning hairdressers Northern Quarter Manchester trading for over 33 years. Book your appointment now at Nicky Oliver Salon.,"extensions, colour, balayage, cut, style"
hair,Manchester,Mai Salon,0161 236 5348,"32 Booth St, Manchester, M2 4AB",4.6,187,https://www.maisalon.co.uk/,ChIJb79ZsMGxe0gRPtf-RAHwhBo,serpapi,,,,,,,,,maisalonuk,2008,,"gel, colour, cut, style"
hair,Manchester,Riot Hearts Collective,,"14 Tib Ln, Manchester, M2 4JB",4.9,92,http://www.riothearts.co.uk/,ChIJM6XnOIixe0gREdiCWZTHutk,serpapi,,,,,,,,,riotheartsltd,2008,,style
hair,Manchester,TONI&GUY Manchester,0161 839 2955,"88 Deansgate, Manchester, M3 2ER",4.6,393,https://toniandguy.com/salon/manchester-deansgate,ChIJw23ejsOxe0gRubmZJLCzI7Y,serpapi,,,,,,,,,,,,
hair,Manchester,M3 Hair & Beauty Ltd,0161 832 2980,"89 Bridge St, Manchester, M3 2RE",4.7,325,http://www.m3hairandbeautymanchester.co.uk/,ChIJ-0BgD8Oxe0gR7hK_99dTCjo,serpapi,,,,,,,,,m3hair_beauty,M3HairandBeauty,"M3 Hair &amp; Beauty, off Deansgate at the heart of Manchester | Est over 42 yrs | Unrivalled Reputation | Highly Qualified Team of Stylists &amp; Beauty Therapists","gel, acrylic, facial, waxing, haircut, colour, grooming, cut"
hair,Manchester,Cut & Glow hair and beauty,07348 131852,"Market, Manchester Arndale, 49 Market street,Indide, Manchester M4 3AH",5,96,,ChIJKUbwIJyxe0gRUv-fbYyxNBY,serpapi,,,,,,,,,,,,
hair,Manchester,Sassoon Hair Salon,0161 524 1500,"1 Marsden St, Manchester, M2 1HW",4.8,348,,ChIJyckZFsGxe0gRFXC1lTsjoWM,serpapi,,,,,,,,,,,,
hair,Manchester,Shade Hair Mcr,07417 547070,"86 Princess St, Manchester, M1 6NG",4.9,135,http://www.shademcr.com/,ChIJq6oWILyxe0gRzRb89WpUxi4,serpapi,,,,,,,,,shade_mcr,2008,,"haircut, colour, balayage, cut, style"
hair,Manchester,David Rozman Hair Salon,0161 832 0179,"Base Kamp - Hair Salon I Cafe & Wine Bar, 61 Chorlton St., Manchester, M1 3FY",4.7,161,https://www.davidrozman.co.uk/,ChIJIbO7PsKxe0gRcgpTwA0cy2g,serpapi,,,,,,,,,,davidrozmansalon,David Rozman,"haircut, colour, balayage, wash, cut, style"
hair,Manchester,McCrory Hair,0161 273 3330,"340 Oxford Rd, Manchester, M13 9NG",4.9,756,https://mccroryhair.co.uk/,ChIJ4XNqTImxe0gR10_NAl-c4Ks,serpapi,,,,,,,,hair@mccroryhair.co.uk,mccroryhair,mccroryhair,"McCrory Hair in Manchester, colour experts and curly specialists on Oxford Road. Balayage, highlights and curl focused cuts with great grow out, call to book.","facial, haircut, colour, balayage, wash, cut, style"
hair,Manchester,ChriSalon,0161 237 3788,"83 Princess St, Manchester, M1 4HH",4.7,622,http://www.facebook.com/chrisalonhairdesign,ChIJaybPLcCxe0gRU_JAfAEdeRI,serpapi,,,,,,,,,,,,
