company_number,name,status,postcode,sic_codes,city
11346812,MERSEY ELECTRICAL LTD,active,L3 9LQ,43210,Liverpool
11968486,KMCMAHON ELECTRICAL LTD,active,L13 9BN,43210,Liverpool
12173274,ISLADORE LIMITED,active,L12 7JB,43210,Liverpool
12044880,JF ELECTRICS LTD,active,L18 1DG,43210,Liverpool
12112196,EES CONTRACTS LTD,active,L37 3NP,43210,Liverpool
14141784,AIGBURTH ELECTRICAL LTD,active,L17 9PS,43210,Liverpool
08021656,BEECHWOOD ELECTRICAL CONTRACTING LIMITED,active,L20 7DA,43210,Liverpool
04534075,J & J HOMES LTD,active,L18 1DG,"41100,43210,68209,68320",Liverpool
14029911,WIN A BUILDER UK LIMITED,active,L33 7UY,"41100,43210,43220,96090",Liverpool
09328513,MACLEC LIMITED,active,L2 2DY,43210,Liverpool
03781279,ENGINEERING SOLUTIONS & AUTOMATION LIMITED,active,L34 9AB,"43210,62090,70229,82990",Liverpool
09516297,M W S ELECTRICAL (NW) LTD,active,L15 5AF,43210,Liverpool
13353936,AMAZON GARAGE DOORS LIMITED,active,L2 2DY,43210,Liverpool
07861578,J1 ELECTRICAL LIMITED,active,L12 9LE,43210,Liverpool
11137810,BCH ELECTRICAL LTD,active,L18 1DG,43210,Liverpool
13268784,B KELLY ELECTRICAL LTD,active,L16 7QR,43210,Liverpool
14110349,BENZAR ELECTRONICS LTD,active,L24 9HZ,"33140,43210,46520,95210",Liverpool
15725446,DENEV ELECTRICAL LIMITED,active,L36 1XG,43210,Liverpool
12616538,VB ELECTRICAL NW LTD,active,L31 8AP,43210,Liverpool
12609501,RJS EC&I LTD,active,L12 7LJ,43210,Liverpool
14777765,ALFER ELECTRICS LTD,active,L9 3BR,"43210,60200",Liverpool
14042781,PC ELECTRICAL SOLUTIONS LTD,active,L35 7NW,43210,Liverpool
07696129,S M ELECTRICAL SERVICES (MERSEYSIDE) LIMITED,active,L12 4YQ,43210,Liverpool
13843999,GRC SOLAR LTD,active,L20 7BZ,"43210,43220",Liverpool
06596907,ATLANTIC ELECTRICAL NORTHWEST LIMITED,active,L33 7SQ,43210,Liverpool
09046832,PAUL WOOD ELECTRICAL LIMITED,active,L12 0RU,43210,Liverpool
03358640,P.J. ELECTRICAL INSTALLATIONS LTD,active,L3 5NW,43210,Liverpool
10962536,AGENCY UN LIMITED,active,L5 6RW,"43210,90030",Liverpool
10836513,THAMES & TAY ENERGY DIVISION LTD,active,L1 4AR,43210,Liverpool
14381224,DAN GROUP CONSTRUCTION LTD,active,L5 9PR,"41100,41201,41202,43210",Liverpool
14433604,ARKHAM M&E LTD,active,L9 4RE,"41201,41202,43210",Liverpool
09292008,M.S.I ELECTRICAL LTD,active,L8 0RS,43210,Liverpool
03146962,BAXY ELECTRICS LIMITED,active,L40 7TU,43210,Liverpool
13815012,BORDER SHIELD LIMITED,active,L40 8JE,43210,Liverpool
14378917,ELDING ELECTRICAL SERVICES LIMITED,active,L4 5QQ,43210,Liverpool
14349948,JMH ELECTRICAL CONTRACTORS LTD,active,L37 4AA,43210,Liverpool
09956128,ELECTRABILITY LTD,active,L37 7HH,43210,Liverpool
10323669,SJW ELECTRICAL SERVICES LTD,active,L3 5NW,"32990,43210",Liverpool
13568277,LUGA ELECTRICAL LTD,active,L8 0YG,43210,Liverpool
14120160,WHITEDC ELEC LTD,active,L37 4DD,43210,Liverpool
10191091,AES (NW) LIMITED,active,L40 8JW,43210,Liverpool
04795704,CS NORTHERN ELECTRICAL LIMITED,active,L9 6GD,43210,Liverpool
04448877,J J HUTTON ELECTRICAL ENGINEERING CONTRACTORS LIMITED,active,L36 9TT,43210,Liverpool
12059332,"SALVUS ELECTRICAL, FIRE AND SECURITY LTD",active,L12 7JB,43210,Liverpool
13622128,SIREN FIRE & SECURITY LTD,active,L31 2PS,43210,Liverpool
08160686,ECO ELECTRICAL & BUILDING SERVICES LIMITED,active,L40 0PH,43210,Liverpool
10231642,ONESEC ELECTRICAL & SECURITY LTD,active,L33 1SH,43210,Liverpool
05010740,PAUL NUTTALL ELECTRICAL CONTRACTORS LTD,active,L13 3HT,43210,Liverpool
07295129,SLS COMMUNICATIONS LIMITED,active,L37 3LL,43210,Liverpool
07711033,SJP ELECTRICAL (NW) LTD,active,L3 5NW,43210,Liverpool
13521216,KTC ELECTRICAL SERVICES LTD,active,L10 4UZ,43210,Liverpool
11773712,TKW ELECTRICAL LTD,active,L11 1AP,43210,Liverpool
12069495,RJS ELECTRICAL COMPLIANCE LTD,active,L22 7RU,43210,Liverpool
11712359,LBD ELECTRICAL (NW) LTD,active,L32 6QT,43210,Liverpool
11838692,J STERLING ELECTRICAL LTD,active,L10 0AZ,43210,Liverpool
13566602,REW ELEC LIMITED,active,L3 9HF,"33140,43210",Liverpool
03990190,EUROTECHNOLOGIES LIMITED,active,L23 3AT,"33140,43210",Liverpool
14734541,BZ CONSTRUCTION LIVERPOOL LTD,active,L8 0QF,"41202,43210,43390",Liverpool
12956540,MAC ELECTRICAL CONTRACTORS LIMITED,active,L30 3TA,43210,Liverpool
15905521,JD-ELEC SOLUTIONS LTD,active,L12 9LJ,43210,Liverpool
12320559,P&H MECHANICAL SERVICES LTD,active,L24 9HJ,"43210,43220",Liverpool
05625973,CAPITAL DESIGN SERVICES LTD.,active,L25 5NU,43210,Liverpool
12908667,S J UK ELECTRICAL LIMITED,active,L37 4AQ,43210,Liverpool
12102307,PRG ELECTRICAL LTD,active,L22 1RQ,"43210,43320",Liverpool
13734787,APACHE ELECTRICAL SERVICES LTD,active,L8 4RR,43210,Liverpool
12305582,J3-UK ENGINEERING LTD,active,L18 1DG,43210,Liverpool
09317126,DAVID WILLIAMS LIVERPOOL LIMITED,active,L15 5AN,43210,Liverpool
11878893,KER INTERNATIONAL LIMITED,active,L1 5AG,43210,Liverpool
15932172,ASHLAR ELECTRICAL LIMITED,active,L33 7TW,43210,Liverpool
04962654,PEARSON PROJECTS LIMITED,active,L23 3AT,43210,Liverpool
15936273,ADL ELECTRICAL (NW) LTD,active,L34 1QL,43210,Liverpool
07952756,APPROVED ELECTRICAL SOLUTIONS LIMITED,active,L13 3BS,43210,Liverpool
03668725,GBR ELECTRICAL LIMITED,active,L37 1NH,43210,Liverpool
11287429,ADVANCED INTEGRATED SERVICES LIMITED,active,L40 8JY,43210,Liverpool
08972339,MWJ ELECTRICAL LIMITED,active,L31 2HB,43210,Liverpool
13234179,CPARRY ELECTRICAL LIMITED,active,L13 1DA,43210,Liverpool
07530363,ADL ELECTRICAL CONTRACTING LTD,active,L34 1QL,43210,Liverpool
09876129,A.H.G ELECTRICAL SERVICES LIMITED,active,L15 5AN,43210,Liverpool
08839286,EXCEL ELECTRICAL & DATA SERVICES LTD,active,L31 6EB,43210,Liverpool
12734555,ACC RENEWABLE ENERGY LTD,active,L9 7AT,"35110,43210",Liverpool
15865712,JNW PROJECTS LTD,active,L23 5SE,43210,Liverpool
09386761,SINGLELEC LIMITED,active,L25 9SD,43210,Liverpool
08616396,CARTHY SKILLING ELECTRICAL LTD,active,L21 8JU,43210,Liverpool
11333680,PAS PROJECT SERVICES LTD,active,L15 5AN,43210,Liverpool
10415001,M&S ALARMS LTD,active,L15 5AN,43210,Liverpool
12757152,COPPERWOOD FSE LIMITED,active,L40 8JW,43210,Liverpool
00252435,J.J. MARR AND COMPANY LIMITED,active,L2 0PQ,43210,Liverpool
11868384,LSW COMMS LTD,active,L12 0SE,43210,Liverpool
09340285,SELECT RENEWABLES LTD,active,L31 8BT,43210,Liverpool
03406778,B F ELECTRICAL SERVICES LIMITED,active,L15 8AN,43210,Liverpool
15873279,JJB ELECTRICS LTD,active,L9 9AR,43210,Liverpool
13608808,WESTFIELD ELECTRICAL NORTH WEST LTD,active,L1 4AR,43210,Liverpool
12073175,I & T ELECTRICAL & ENGINEERING LTD,active,L9 4RE,43210,Liverpool
15879908,JUSTIN & BEDFORD SOLUTIONS LIMITED,active,L31 1ES,43210,Liverpool
07854182,MUSKER ELECTRICAL LTD,active,L12 1LW,"43210,43220",Liverpool
13521114,D & G POWER SOLUTIONS LTD,active,L1 2TQ,"43210,43220,43342,43390",Liverpool
13542901,SPARTAN ELECTRICAL & PLUMBING SERVICES LTD,active,L5 9RG,43210,Liverpool
13931766,VOLTECO LTD,active,L20 9NP,43210,Liverpool
10920915,LBA ELECTRICAL SERVICES LTD,active,L33 7SF,43210,Liverpool
14969109,NEXGEN CONTROLS LTD,active,L20 7AP,"43210,71121,71122,71129",Liverpool
13075386,AMS ELECTRICAL INSTALLATIONS LTD,active,L31 5PL,43210,Liverpool
09645906,GRAHAM WAINWRIGHT ELECTRICAL LTD,active,L18 1DG,43210,Liverpool
11389127,PLESSIES ELECTRICAL LTD,active,L20 7AP,43210,Liverpool
04075876,DORRIAN ELECTRICAL CONTRACTORS LIMITED,active,L40 8HW,43210,Liverpool
11300781,L&B ELECTRICAL CONTRACTING LTD,active,L22 4QQ,43210,Liverpool
10944576,PHIL CARR ELECTRICAL LTD,active,L35 7NW,43210,Liverpool
09190958,MICHAEL MCDONALD ELECTRICAL CONTRACTING LIMITED,active,L40 2QT,43210,Liverpool
15020079,OHMEGA ELECTRICAL & RENEWABLES LIMITED,active,L37 4AQ,43210,Liverpool
14176794,MASS INTERNATIONAL GROUP LTD,active,L19 8HU,"33140,43210",Liverpool
07926995,BELEC ELECTRICAL LTD,active,L3 5NW,43210,Liverpool
14617604,CHESHIRE REWIRE LIMITED,active,L18 1DG,43210,Liverpool
13304514,EQ ELECTRICAL LTD,active,L3 4BN,43210,Liverpool
15173597,MPG SERVICES NW LIMITED,active,L1 0AH,"41100,43210,43290",Liverpool
15985576,WARBRECK ELECTRICAL LIMITED,active,L9 8EE,43210,Liverpool
10466448,TAYLOR SAPPHIRE ELECTRICAL LTD,active,L19 0NQ,43210,Liverpool
06733495,CHARNOCK ELECTRICAL SERVICES LIMITED,active,L40 2QU,43210,Liverpool
07253121,R TAYLOR ELECTRICAL CONTRACTORS LIMITED,active,L37 4AQ,43210,Liverpool
07979038,4G ELECTRICAL SERVICES LIMITED,active,L39 1NX,43210,Liverpool
09284511,PRAGMATIC CONTROLS INSTALLATION LIMITED,active,L20 7BZ,43210,Liverpool
08835785,TYRRELL ELECTRICAL CONTRACTORS LTD,active,L18 1DG,43210,Liverpool
07895385,PSM ELECTRICAL CONTRACTORS LTD,active,L25 0LQ,43210,Liverpool
11326924,MACON ELECTRICAL LIMITED,active,L8 9RZ,43210,Liverpool
10013451,MFOS LIMITED,active,L36 7XA,43210,Liverpool
09947889,S.LEECH ELEC LIMITED,active,L25 8SZ,43210,Liverpool
10432096,SMB ELECTRICAL NW LTD,active,L15 5AF,43210,Liverpool
11263780,IJD ELECTRICAL LTD,active,L9 6AP,43210,Liverpool
09296790,TOM FARRELL ELECTRICAL LTD,active,L18 1DG,43210,Liverpool
14459144,PLAN ELECTRICAL LTD,active,L36 5TZ,43210,Liverpool
16022678,DM ELECTRICAL SERVICES NW LIMITED,active,L20 9EG,43210,Liverpool
09294733,DDT ELECTRICAL LTD,active,L15 5AN,43210,Liverpool
14614727,ELECTECH PROJECTS LIMITED,active,L23 3AT,43210,Liverpool
10405055,BEE ENERGY LTD,active,L4 1AG,43210,Liverpool
11608901,GARY COURTNEY SERVICES LTD,active,L23 1TD,43210,Liverpool
15163381,EJC ELECTRICAL NORTH WEST LTD,active,L15 5AN,43210,Liverpool
05050509,ELLIOT'S ELECTRICAL CONTRACTORS LIMITED,active,L40 0RA,43210,Liverpool
14160529,SM SMART ENERGY LTD,active,L37 4AN,"35110,43210",Liverpool
12747383,GOLIATH PROPERTY MAINTENANCE LTD,active,L24 8RL,43210,Liverpool
07519526,MABLEY AUTOMATION LIMITED,active,L35 2XS,43210,Liverpool
06489654,ABC SECURITY SERVICES LTD,active,L9 0NW,"43210,80200",Liverpool
13297186,GFS ELECTRICAL CONTRACTORS LTD,active,L12 7JD,43210,Liverpool
16098281,ASTRAEA SYSTEMS LIMITED,active,L10 1LD,"27120,27320,27900,43210",Liverpool
10467117,ASHCROFT ELECTRICAL SERVICES LTD,active,L39 2YT,43210,Liverpool
11428040,L E ENGINEERING LTD,active,L24 8RL,43210,Liverpool
14722129,EMTECH GROUP LTD,active,L3 5NW,"41201,41202,43210,43390",Liverpool
06560266,SWITCHWIRE ELECTRICAL LTD,active,L3 6AL,"41202,43210",Liverpool
13575785,PROVIDENTIAL ELECTRICAL SERVICES LTD,active,L18 1DG,43210,Liverpool
09480618,RENAISSANCE ENGINEERING SERVICES (UK) LIMITED,active,L1 9AA,43210,Liverpool
13643097,ELITE ELECTRICAL WIRRAL LTD,active,L1 0BG,43210,Liverpool
15120106,SAP PROJECT SOLUTIONS LTD,active,L15 5AN,43210,Liverpool
14004137,RENOWN ROOFING AND SOLAR ENERGY LTD,active,L21 3TX,43210,Liverpool
10288416,INFINITY TECHNICAL AND PRODUCTION SERVICES LIMITED,active,L33 7SQ,"43210,77291,81100,90020",Liverpool
13063782,J H ELECTRICAL PROJECTS LTD,active,L20 7AP,43210,Liverpool
13073007,HEALY ELECTRICAL CONTRACTORS LTD,active,L18 1DG,43210,Liverpool
07801977,A.B.C. ELECTRICS LIMITED,active,L23 4TZ,43210,Liverpool
06387292,M&N ELECTRICAL CONTRACTORS & SITE SERVICES LIMITED,active,L31 8DY,43210,Liverpool
14586638,MAXIM ELECTRICAL CONTRACTORS LTD,active,L35 0NX,43210,Liverpool
15990458,M. LEWIS ELECTRICAL LIMITED,active,L3 4BJ,43210,Liverpool
13341870,MERSEYLEC ELECTRICAL SERVICES LTD,active,L23 3AT,43210,Liverpool
11190249,ELECTRAGATE LTD,active,L40 7TH,43210,Liverpool
13182790,M & L ELECTRICAL SERVICES (NW) LIMITED,active,L16 1JW,43210,Liverpool
04480509,SAPHIRE ELECTRICAL SERVICES LIMITED,active,L31 9AN,43210,Liverpool
14455715,A&B ENGINEERING MEP LIMITED,active,L13 6QA,43210,Liverpool
11982005,S G ELECTRICAL (MANCHESTER) LTD,active,M7 4HP,43210,Manchester
11206868,KEARNEY ELECTRICAL LIMITED,active,M20 1JB,43210,Manchester
11516883,HARMONYZ LTD,active,M8 0PF,"43210,43290,43999",Manchester
01636820,W. M. B. (INSTALLATIONS) LIMITED,active,M6 7NW,43210,Manchester
12166693,VITA GROUP (NW) LTD,active,M29 8AL,43210,Manchester
14804035,EXCELSIOR ELECTRICAL LTD,active,M18 8RN,43210,Manchester
15751065,CAW ELECTRICAL SERVICES LTD,active,M8 5AE,43210,Manchester
11980545,CUPRUM ELECTRICAL LIMITED,active,M18 7LP,43210,Manchester
10573633,DDK ELECTRICAL SERVICES LTD,active,M13 9UL,43210,Manchester
05459825,E WALKER LIMITED,active,M1 1HR,43210,Manchester
14848629,TSP ELECTRICAL LIMITED,active,M33 6WF,43210,Manchester
12839619,GFED ELECTRICAL LTD,active,M24 1FP,43210,Manchester
08663382,PMJ ELECTRICAL CONTRACTORS LTD,active,M19 2HG,43210,Manchester
10703453,JD ELECTRIC COMMERCIAL INSTALLATIONS LTD,active,M27 9PZ,43210,Manchester
09535651,N.E.T ELECTRICAL LTD,active,M30 0QZ,43210,Manchester
13589041,SDM CONTRACTING (NW) LTD,active,M43 7SY,43210,Manchester
13590886,J COUNSEL ELECTRICAL LTD,active,M32 8FA,43210,Manchester
03729645,ROADWAY LIGHTING LTD,active,M46 0FY,43210,Manchester
11257270,M.R.F ELECTRICAL SERVICES LIMITED,active,M40 5HL,43210,Manchester
13657146,NORTHERN CABLE INSTALLATIONS LIMITED,active,M28 3NJ,43210,Manchester
12797525,MARKO ELECTRICAL LTD,active,M40 0ES,43210,Manchester
14115371,CONTECH SOLUTIONS LTD,active,M29 7TN,"41201,43210,43290",Manchester
10358175,RMJ ELECTRICAL AND BUILDING CONTRACTORS LTD,active,M23 1DN,"43210,43390",Manchester
04464238,ARTISAN FIRE & SECURITY LIMITED,active,M26 2AD,43210,Manchester
15789814,CDB SOLAR LTD,active,M34 3EX,"43210,43220",Manchester
14172695,C&O ELECTRICAL SERVICES LTD,active,M41 9QA,43210,Manchester
12362601,ALERT FIRE SOLUTIONS LTD,active,M46 9EF,43210,Manchester
13277698,NOOR ELECTRICAL SERVICES LTD,active,M19 2LL,43210,Manchester
04762444,MORWOOD ELECTRICAL SERVICES LTD,active,M41 7DN,"43210,82990",Manchester
12597210,MERLINE CERTS LIMITED,active,M6 6DE,"43210,96090",Manchester
07743756,HOME MARKET LIMITED,active,M5 3HR,"43210,43310,68209",Manchester
08059699,TURNLEC ENERGY SOLUTIONS LIMITED,active,M26 3RZ,"43210,74909",Manchester
08501434,SWAT UTILITIES LIMITED,active,M25 0TL,"42210,42220,43210,71122",Manchester
07345966,JST ELECTRICAL  SERVICES LTD,active,M19 3BJ,43210,Manchester
07071086,CONNECT ELECTRIC (BURY) LIMITED,active,M45 7SY,43210,Manchester
12162011,ONE LINE PROPERTY SERVICES LTD,active,M11 2WJ,"43210,73110",Manchester
04778456,SPENCE SATELLITE INSTALLATIONS LTD,active,M16 0HD,43210,Manchester
12619779,CONNECT ELECTRICAL & DATA LIMITED,active,M46 0LG,43210,Manchester
11554666,C & S ELECTRICAL (NW) LTD,active,M34 7PP,43210,Manchester
07274482,NDR ENGINEERING SERVICES LTD,active,M29 8AL,43210,Manchester
12684739,SMART SOLUTION ELECTRONICS LTD,active,M34 7LN,"33130,43210,80200",Manchester
09073782,ZENTIA14 LIMITED,active,M27 5WN,43210,Manchester
09065629,GLOBALTECH INDUSTRIAL LTD,active,M45 7GE,43210,Manchester
10808271,SURGE BUILDING SERVICES LTD,active,M22 4NN,"43210,81100",Manchester
02938204,CLEARSCHEME LIMITED,active,M33 4DX,43210,Manchester
14209971,START SOLAR G.B. LTD,active,M28 3QN,43210,Manchester
08708737,INTEGRATED BUILDING SOLUTIONS LTD.,active,M30 8LE,"43210,43999",Manchester
13449721,MESC CONTRACTING UK LTD,active,M12 4JD,"41201,41202,43210,43390",Manchester
15819302,FUSION III LIMITED,active,M50 2YR,43210,Manchester
14192590,JNB ELECTRICAL LTD,active,M46 9EF,43210,Manchester
08964580,THERMATIC HOMES LIMITED,active,M50 3UP,43210,Manchester
14186769,ELECTRIFY MANCHESTER LTD,active,M34 2ET,43210,Manchester
06938219,M & D ELECTRICAL NORTH WEST LIMITED,active,M27 6NJ,43210,Manchester
12722622,(NW) ELECTRICAL SOLUTIONS LTD,active,M43 6PT,43210,Manchester
14685856,PROVOLT ELECTRICAL LIMITED,active,M33 4JX,43210,Manchester
13911913,NNT ELECTRICAL SERVICES LTD,active,M28 3HR,43210,Manchester
09687564,M KELLY LIMITED,active,M3 5JZ,43210,Manchester
12730859,AI ELECTRICAL (NW) LIMITED,active,M33 2FA,"33140,43210",Manchester
13851752,EIC SOLUTIONS LIMITED,active,M46 0NZ,43210,Manchester
11161850,MARSHALLS M AND E LIMITED,active,M18 8DB,43210,Manchester
11777875,TRADEPRO CONSTRUCTION LTD,active,M26 1GN,"43210,43310,43320,43390",Manchester
14945725,EGAN ELECTRICAL LTD,active,M30 0AS,"43210,43320",Manchester
13328274,PEAK EVOLUTION LIMITED,active,M28 3NS,"41100,43210,43290,43320",Manchester
04870875,EIBEN LIMITED,active,M27 9SA,43210,Manchester
04524468,IN - KONTROL LIMITED,active,M27 9SA,43210,Manchester
05328460,NORTH & SOUTH GROUNDWORK SERVICES LTD,active,M27 9SA,43210,Manchester
15913138,IIRNA GROUP LTD,active,M16 0AD,"43210,45112,46900,68209",Manchester
13758153,A TO Z ELECTRICAL SERVICES LIMITED,active,M8 4HY,43210,Manchester
13751022,OSBORNE TECHNICAL SERVICES LTD,active,M34 6FX,43210,Manchester
14085693,LG MECHANICAL & ELECTRICAL LIMITED,active,M24 2LX,"43210,43220",Manchester
13240020,GREENERAMPS LTD,active,M20 2YY,"41100,41202,43210,74901",Manchester
12095768,CDS ELECTRICAL SOLUTIONS NW LTD,active,M27 4AA,43210,Manchester
13492112,SOUTH MANCHESTER INSTALLATIONS AND AUTO ELECTRICS LTD,active,M22 4JP,43210,Manchester
13547101,MIB ELECTRICAL SOLUTIONS LTD,active,M21 0XQ,"42220,43210",Manchester
14286190,AKPS SOLUTIONS LTD,active,M3 1HE,"41202,43210,43220,43390",Manchester
08838488,SAMI IMAM ELECTRICAL LIMITED,active,M2 7AQ,43210,Manchester
15116212,SPEL ENGINEERING SERVICES LTD,active,M33 6WW,43210,Manchester
12324068,ASTLEY ELECTRICAL LTD,active,M29 7QJ,43210,Manchester
13931791,GAS SAFETY MANCHESTER LIMITED,active,M14 7PB,"43210,43220",Manchester
05275297,NU FIRE & SECURITY LTD,active,M24 1AX,43210,Manchester
11480148,ALCOOPER LTD,active,M29 8DS,43210,Manchester
11717552,HARRIS ELECTRICAL SERVICES LTD,active,M29 8GN,43210,Manchester
14184659,RS VOLTAGE SERVICES LTD,active,M28 1AU,43210,Manchester
15973238,A ELECTRIC LTD,active,M25 0TL,43210,Manchester
07188535,UK TEST LIMITED,active,M46 0SY,43210,Manchester
13525371,ELITE CONTRACTORS NW LTD,active,M24 1JT,"41201,41202,43210,43220",Manchester
11637825,HAMNETT ELECTRICAL SERVICES LTD,active,M32 9TN,43210,Manchester
07789696,AFDC LIMITED,active,M30 9DD,43210,Manchester
05913575,FUSION ELECTRICAL ENGINEERING SERVICES LIMITED,active,M27 9LA,"43210,71122,71129",Manchester
13838982,SMITH ELECTRICAL & RENOVATION SERVICES LTD,active,M46 0DN,43210,Manchester
13995755,B B ELECTRICAL (NORTH WEST) LIMITED,active,M25 1PY,43210,Manchester
15888586,SOMNIUM ELECTRICAL LTD,active,M25 0DB,43210,Manchester
07264679,CJG CONTRACTS LTD,active,M27 6PW,43210,Manchester
11517039,D.P.O ELECTRICAL LTD,active,M24 6UQ,43210,Manchester
12717135,BUILDING NETWORK OPERATOR CONSULTANTS LTD,active,M25 9WS,43210,Manchester
07961874,NORTHLANDS ELECTRICAL LIMITED,active,M26 4AD,43210,Manchester
12459943,NH ELECTRICALS LTD,active,M12 4NR,43210,Manchester
15124703,REDDIN ELECTRICAL CONTRACTING LTD,active,M41 5QJ,43210,Manchester
14492173,EWSS ELECTRICAL LTD,active,M22 1GN,43210,Manchester
02650749,DLP SERVICES (NORTHERN) LIMITED,active,M6 6WF,"43210,43220,43390,43910",Manchester
09739007,POWERTECH ENGINEERING SERVICES LIMITED,active,M8 4NG,43210,Manchester
08383026,STERLING BLANK LTD,active,M7 4JA,"43210,43390,68320",Manchester
12779512,RBEE ELECTRICAL LTD,active,M45 8JY,43210,Manchester
14740802,ADA ELECTRICAL & SECURITY SOLUTIONS LTD,active,M25 0FY,43210,Manchester
16072498,ABZ ELECTRICAL CONTRACTORS LTD,active,M13 0PG,43210,Manchester
09837961,ZENLEC LTD,active,M25 2QJ,43210,Manchester
04353971,FAILSWORTH ELECTRICAL LIMITED,active,M40 0AQ,43210,Manchester
11816767,CIR ELECTRICAL LTD,active,M34 6PD,43210,Manchester
10797358,CURRAN CONSTRUCTION SERVICES LTD,active,M32 9BQ,43210,Manchester
11791309,KAYES LTD,active,M34 3EF,43210,Manchester
11778930,WH ELECTRICAL LTD,active,M40 1GF,43210,Manchester
10926157,IBBY BROTHERS ELECTRICAL LTD,active,M34 5GB,43210,Manchester
10832928,GWT (NW) LIMITED,active,M40 0FL,43210,Manchester
10992153,CHAND ELECTRICAL SERVICES LTD,active,M19 2DZ,43210,Manchester
10338434,B P W ELECTRICALS LTD,active,M14 5GW,43210,Manchester
07147273,FALLON CONSTRUCTION SERVICES LIMITED,active,M21 7SA,43210,Manchester
15239607,DATACORE TECHNOLOGIES LIMITED,active,M23 9JP,"43210,62090,63110,95110",Manchester
16031370,ABODE INTELLIGENT LIMITED,active,M30 7LF,43210,Manchester
16085183,YIWU HANZHA TRADING COMPANY LTD,active,M8 0WE,43210,Manchester
09980448,NW BUILDERS AND ELECTRICIANS LIMITED,active,M16 9AS,"41100,43210",Manchester
05751694,NUELEC CONTRACTING SERVICES LIMITED,active,M43 6PW,43210,Manchester
08915468,FRL ELECTRICAL LIMITED,active,M27 4AA,43210,Manchester
06233185,SAFE ELEC UK (WM) LTD,active,M46 0DN,43210,Manchester
09497092,I.L ELECTRICAL & ALARM SERVICES LIMITED,active,M9 0SL,43210,Manchester
13300974,PRO FIRE SYSTEMS MANCHESTER LTD,active,M28 2GT,43210,Manchester
12288497,POLYTRADE ELECTRICAL LIMITED,active,M9 7EH,43210,Manchester
11851603,N E YATES ELECTRICAL LIMITED,active,M45 7HZ,43210,Manchester
12388712,IAN SELWOOD ELECTRICAL LTD,active,M34 3DE,43210,Manchester
10054898,ELECTRIC-ALL LTD,active,M22 4NN,43210,Manchester
13070731,MODE AV CREATIONS LIMITED,active,M44 6RY,"43210,74100",Manchester
05984010,GTS ELECTRICAL SERVICES LIMITED,active,M29 7QE,43210,Manchester
11006689,J LOWRY ENGINEERING SERVICES LIMITED,active,M32 0JL,43210,Manchester
12409635,AGB ELECTRICAL MCR LIMITED,active,M26 1DE,43210,Manchester
11175957,MULTIBUILD SOLUTIONS LTD,active,M44 5EA,"43210,43220,43390",Manchester
13768119,BEE SMART SOLUTIONS LTD,active,M19 1NR,43210,Manchester
03949435,IPB (ELECTRICAL) LIMITED,active,M46 0EF,43210,Manchester
13908448,SAMELECTRIC LTD,active,M24 2LZ,43210,Manchester
16081199,UNISOLAR ECO LIMITED,active,M6 6NA,"42220,43210,43290,43910",Manchester
11795500,A C ELECTRIC SERVICES LTD,active,M33 4FR,43210,Manchester
16208394,DELTA ELECTRICAL NW LTD,active,M18 8EF,43210,Manchester
09398311,GRANGE ELECTRICAL AND SECURITY LIMITED,active,M26 3GF,43210,Manchester
11320459,PLATINUM ELEC LTD,active,M6 8QA,43210,Manchester
15350837,WALTON RAIL SERVICES WRS LTD,active,M26 1LS,43210,Manchester
10770880,W F ELECTRICAL SOLUTIONS LIMITED,active,SW1V 2DB,43210,London
10116419,LUCAS LARMOND ELECTRICAL SERVICES LTD,active,SW2 3BF,"43210,61100,61200,61900",London
11199515,INTER SPECTRUM LTD,active,EC1V 2NX,"41202,42120,42220,43210",London
11304068,DULOVO LTD,active,SW20 9NS,43210,London
10339427,EASTARC SERVICES LIMITED,active,WC2H 9JQ,"43210,43220",London
12525821,NATIONAL PLUMBERS DIRECT LTD,active,WC2H 9JQ,"43210,43220",London
12150802,JMGL ELECTRICAL LTD,active,SE27 9LZ,43210,London
15443698,ARLAS CONSTRUCTION LTD,active,E4 9LD,"41202,43210,43220,81300",London
12204334,M&E F.L. LTD,active,W10 6EN,43210,London
12210044,DENTON BUILDING SOLUTIONS LIMITED,active,WC2H 9JQ,"43210,43220,43290,43310",London
12179644,SENATHIPATHI EKA ELECTRICAL LTD,active,EC1V 2NX,"43210,71129",London
15719344,ECS PREMIUM ELECTRICIANS LIMITED,active,E4 9HL,43210,London
11904586,BEECHCROFT SERVICES LIMITED,active,N3 2LT,43210,London
12031969,ELECTRICS 24 -7 LIMITED,active,N3 1DP,43210,London
12037894,HAUTE VOLTAGE LTD,active,SE22 9BA,"27320,27510,33140,43210",London
12037070,RIZE9 LTD,active,E9 5DX,"43210,90010,96090",London
12106265,OAKHOMESLONDON LTD,active,E14 9QT,"41202,43210,43220,68100",London
12116313,BOSSO66 DESIGN LTD,active,E18 2LW,"43210,43330,43341,43390",London
06786837,BALMER ELECTRICAL SERVICES LIMITED,active,E1 0SG,43210,London
13461909,BOND CONSTRUCTION AND JOINERY LTD,active,WC2A 2JR,"43210,43220,43290,43320",London
11233104,INSTAHEAT BUILDERS LIMITED,active,NW10 2LJ,"41202,43210,43220,43310",London
03786975,FIRST STRIKE ELECTRICAL LTD.,active,W1H 1PJ,43210,London
11299273,FUTURE SHAPES LONDON LTD,active,E10 7AH,"41202,43210,43310,43330",London
10329832,ZACK ELECTRICAL MAINTENANCE LTD,active,SE1 6PW,"43210,43390",London
11959343,FINEFIX ELECTRICAL LTD,active,WC2A 2JR,43210,London
10215282,SBC ELECTRICIANS LTD,active,N12 8PG,43210,London
08035640,BESPOKE SERVICE SOLUTIONS LIMITED,active,WC1N 3AX,"43210,70229,71200",London
14696041,LM ELECTRICS LTD,active,N1 7GU,43210,London
14679111,DESA CONTRACTORS LIMITED,active,E11 1HT,"43210,43310,43341,43999",London
10847938,WORLD PROPERTY DEVELOPERS LTD,active,W1H 4PF,"41202,43210",London
14635815,LCW ELECTRICIANS LTD,active,SE9 3RE,43210,London
14876955,EARTHRISE ENERGY LIMITED,active,E1 0SG,"42220,43210,43290",London
12409095,EFFICIENT ENERGY (NEWCASTLE) LTD,active,W1B 1PN,43210,London
15723248,PLUGS OF ELECTRICS LTD,active,E14 0GQ,43210,London
09749890,LUQMAR LIMITED,active,E16 4AJ,43210,London
04441132,SCL MANAGED SERVICES LIMITED,active,W1W 5PF,"43210,43220,43290,81100",London
06125873,EDUCATION DATA SERVICES (UK) LIMITED,active,SE23 3SR,43210,London
12822174,H-MARC SAFETY SOLUTIONS LTD,active,EC1V 2NX,"43210,61100,61200,80200",London
14119817,AL RASEF ROADS CONTRACTING UK LIMITED,active,E14 4QA,"41100,42110,43210,43999",London
14327980,ARTEL ELECTRIC LIMITED,active,N20 9AB,"42220,43210,43290,96090",London
13996142,M-LEX LONDON LIMITED,active,SW17 9NJ,43210,London
10925113,DTC ELECTRICS LIMITED,active,SE6 1JL,43210,London
13405725,TJ ELECTRICAL SOLUTIONS LTD,active,SE26 5BN,43210,London
11587237,TNS ELECTRICAL CONTRACTORS LTD,active,N16 7UR,43210,London
12011087,NOTTING HILL ELECTRICAL SERVICES LIMITED,active,W11 4SH,43210,London
09540310,KRASI 23 ELECTRICAL LIMITED,active,N14 4QW,43210,London
09002284,CC ELECTRICS LTD,active,WC2H 9JQ,43210,London
15737233,BLACKROCK ELECTRICAL ENGINEERS LTD,active,E17 7LX,43210,London
05133668,KESSY STEEL STRUCTURES LIMITED,active,NW9 6JG,"41202,43210",London
11515131,SIGMAA ELECTRICAL LTD,active,E6 7AE,43210,London
12791866,MMS ELECTRICAL LTD,active,N1 7GU,43210,London
15760990,CRESTVIEW TS LTD,active,SE24 9LR,"43210,43220",London
11346019,ADM ELECTRICAL & GAS LTD,active,NW2 7TD,"43210,43220",London
15761199,MJ HACKETT ELECTRICAL LTD,active,WC2H 9JQ,43210,London
12001950,G & G MAINTENANCE AND ELECTRICAL SERVICES LTD,active,N17 7NA,"33140,41201,43210,47990",London
08088641,MULTIFORM CONSULTING LIMITED,active,N22 8RB,"43210,70229",London
11368761,BARNET ELECTRICAL SERVICES LTD,active,W4 5PY,43210,London
14235731,ENO’S ELECTRICS LTD,active,W5 3DW,43210,London
09256052,MARVEL ELECTRICAL LIMITED,active,N7 7QR,43210,London
13432236,LAZIMI ELECTRICAL SERVICES LIMITED,active,N22 8DF,43210,London
05846159,ACAM ELECTRICAL LTD,active,SE28 8AL,43210,London
03159852,C. AITKEN BUILDERS LIMITED,active,SW18 1PE,"41202,43210",London
12613849,N1 ELECTRICAL LTD,active,N1 7GU,43210,London
13412359,PULSE ELECTRIC (LONDON) LIMITED,active,NW6 2EB,"33140,43210",London
14340887,EMERGENCY ELECTRICIAN CHELSEA LTD,active,SW3 5TX,43210,London
09511868,EUROPEAN REAL ESTATE GROUP LTD,active,EC1V 2NX,43210,London
10186135,MKR ELECTRICAL LTD,active,N9 8EY,43210,London
11526795,A.F PROPERTY SOLUTIONS LTD,active,SE6 1UE,"41202,43210,49420",London
10755578,EL ELECTRICAL SERVICES LTD,active,E16 1TN,43210,London
09025926,AM ELECTRICAL & BUILDINGS SERVICES LIMITED,active,SE26 6UN,43210,London
13432885,BDJ PROJECTS LIMITED,active,E4 6HX,"43210,80100",London
09054195,ANTHONY SELF LIMITED,active,N4 3AB,43210,London
12712351,MODULAR SYSTEMS CONSTRUCTION LTD,active,WC2H 9JQ,"41201,43120,43210,43220",London
11735309,COMFORT CONTROLS (GROUP) LIMITED,active,EC4A 1AN,"43210,43220",London
14145971,DTA ELECTRICAL MECHANICAL LIMITED,active,WC2H 9JQ,"43210,43220",London
10789665,4A ENGINEERING AND TECHNOLOGY LIMITED,active,N17 9LJ,"43210,43999,71122,71129",London
14035237,JPO PROPERTY SERVICES LTD,active,SW19 3NW,"41202,43210",London
14501833,JUICED MECHANICAL & ELECTRICAL LTD,active,EC2A 4NE,"43210,43220",London
10650341,INTER-AFRIC GROUP LTD,active,N17 9QU,"43210,68100",London
10764162,J.S.G ELECTRICAL SERVICES LTD.,active,SE18 6SS,43210,London
12873003,EASTGRAND LIMITED,active,EC1V 2NX,"41201,43210,43290,43390",London
13791481,ECO VEHICLE CHARGES (EVC) LTD,active,EC2N 4AH,43210,London
07995071,S M HARROP LIMITED,active,SW19 8JG,43210,London
10163131,SYNTEC ELECTRICAL SERVICES LTD,active,W13 9AA,43210,London
12001384,MA ELECTRICAL & SECURITY LTD,active,SW3 2NX,43210,London
13373150,PURE POWER ELECTRICAL LTD,active,E1 5NP,43210,London
14865105,ELCO TECH LTD,active,N13 5QX,"42220,43210",London
14174117,IRON FLAG GLOBAL LIMITED,active,WC2H 9JQ,"43110,43210",London
11125723,M. DURY AND NICH LIMITED,active,NW7 2LG,43210,London
03751041,WESTROW SERVICES LIMITED,active,N13 4XE,43210,London
11341649,TRIEX LIMITED,active,WC2H 9JQ,"42220,43210",London
14094872,KYDD ELECTRICAL LTD,active,SW15 5DS,"43210,43220",London
14615335,LB ELECTRICS LTD,active,N17 6HX,43210,London
09229250,LEWIS-SHELTON ELECTRICAL LIMITED,active,W1W 7LT,43210,London
14064370,KD ELECTRIC UK LTD,active,E17 6HE,43210,London
13392965,IGNITE DEVELOPERS LTD,active,W1W 5PF,"41100,41201,43210,82990",London
10141800,HENLEY ELECTRICALS LTD,active,E17 7DG,43210,London
14868032,LONDON LECKY LIMITED,active,E11 2ED,43210,London
10758282,ACEN SOLAR & ELECTRICAL LTD,active,E15 1XH,"41202,43210,43220",London
05079035,DAN-KIT LIMITED,active,SE15 3PP,"42990,43210",London
14881855,EXCEL RENEWABLES LTD,active,EC1V 2NX,"43210,43220",London
10298315,FAULTLESS LIMITED,active,W12 9EE,"43210,43390",London
03044398,TILBURY DOUGLAS ENGINEERING LIMITED,active,EC3M 1HD,"43210,43220",London
14112765,180 TRADING LTD,active,N1 7GU,43210,London
11493678,SARFMON ELECTRICAL LTD,active,WC2H 9JQ,43210,London
13414074,MALEKOS ELECTRICAL SERVICES LIMITED,active,SE24 9DA,43210,London
11319054,PAW BUILDING SERVICES LIMITED,active,NW10 6RF,"41201,43210",London
09746761,CLOUGHFIN ELECTRICAL SERVICES LTD,active,SW19 2UR,43210,London
10937336,UK SAFETY AND COMPLIANCE LTD,active,W14 9NL,43210,London
14830688,AV11 LTD,active,W13 9RJ,43210,London
11965654,EVERYTHING WERX LTD,active,W12 9EE,"41202,43210,43220,43290",London
11965127,CONTROL4 LTD,active,EC1V 2NX,"43210,46520,62090,80200",London
08657492,NGR ELECTRICAL LIMITED,active,E14 7AF,43210,London
12071076,GLOBAL RESELLERS & CONTRACTORS UK LTD,active,WC2H 9JQ,"41100,42990,43210,47910",London
11411743,SVEN LTD,active,E6 6WP,"43210,96090",London
12209929,BROMEX ENGINEERING LTD,active,EC1V 2NX,"43210,43220,43999",London
09060396,INDUSTRIAL EFFICIENCY II LIMITED,active,SE1 9SG,43210,London
12295517,FINDHEAT LTD,active,N1 6LZ,"43210,43220",London
15785656,LB WIREWORKS LTD,active,SE13 7RL,"33140,43210,43290,71122",London
09800442,M.S ELECTRICAL TESTING SOLUTIONS LTD,active,WC2H 9JQ,43210,London
15772772,SECURE FIVE LTD,active,EC1V 2NX,43210,London
10158695,KRAKOWSKI LOGISTIC LTD,active,N22 6LG,43210,London
14902319,CDA ROBOTICS AND INDUSTRIAL DEVELOPMENT LTD,active,EC3R 8EE,"33190,43210,62012,62020",London
02119415,PELDON ROSE (MECHANICAL AND ELECTRICAL) LIMITED,active,SW19 4EQ,"43210,43999,96090",London
14350134,MEOWLIGHTS LTD,active,WC1N 3AX,"43210,43999,49410,90020",London
12621807,TREANOR CONSTRUCTION LTD,active,N22 6ED,"41202,43210,43341,43390",London
12873220,L&C ELECTRICAL LTD,active,EC1V 2NX,43210,London
15407619,DRAMUR ELECTRICAL SERVICES LTD,active,SE2 9AZ,43210,London
06939961,TAYLECTRICAL LTD,active,E18 1BY,43210,London
14931448,OUTFIT ELECTRICS LTD,active,EC1V 2NX,43210,London
13795158,SIMPLY ELECTRICAL CONTRACTORS LTD,active,E18 1BY,43210,London
05142810,KILOWATT LIMITED,active,E5 9LE,43210,London
12127187,AM PROPERTY MAINTENANCE LTD,active,NW10 9EJ,"41201,41202,43210,43220",London
14822097,AH LIGHTNING SOLUTIONS LIMITED,active,NW9 4AA,43210,London
10371276,DELTA ELECTRICAL & BUILDING SERVICES LIMITED,active,SE9 3TL,"43210,43290",London
10775756,GORASIA SOLUTIONS LTD,active,NW10 3AX,"43210,62020,70229",London
11704548,ELECTRIC CAR CHARGERS UK LTD,active,EC1V 2NX,43210,London
08706953,APPROVED ELECTRICIANS GROUP LIMITED,active,E13 8LW,43210,London
11675609,T PHASE LTD,active,SE3 0TA,43210,London
11577056,UNIVERSAL ELECTRICS LTD,active,SE19 1PJ,43210,London
13352105,FUSION 4 POWER LIMITED,active,WC2A 1HR,43210,London
14893357,LK ELECTRICAL & MAINTENANCE LTD,active,SW14 8SN,43210,London
14541080,FIXERS-UK LTD,active,EC2A 4NE,"43210,43999",London
12064368,CORRECT ELECTRICAL LTD,active,E13 8HR,43210,London
08177248,ZOTOW ELECTRICAL SERVICES LIMITED,active,NW11 6AR,43210,London
10418986,PARADISE BUSINESS SOLUTIONS LIMITED,active,E7 9QJ,"43210,43220,43310,43341",London
03995746,A W ELECTRICAL LIMITED,active,SE18 6SS,43210,London
12614096,EL AND C SERVICES LTD,active,SE7 7JG,43210,London
08187486,EPIC INTEGRATION LTD,active,SE18 6SW,"43210,47430,62011,62090",London
12449486,SPARKPLUS LTD,active,SE25 4TA,43210,London
11341794,POSITIVE ELECTRICAL CONTRACTORS LTD,active,SE16 2QU,43210,London
09057712,M DE SOUZA LTD,active,N12 0BP,43210,London
14347918,SOL-IFY LTD,active,SW20 0TL,43210,London
09937464,JONI ELECTRICAL LIMITED,active,SW4 0BB,43210,London
10154078,DEAD TEST LIMITED,active,SE13 6QE,43210,London
15743074,ERIKO PLUMBING AND HEATING LTD,active,E14 0BN,"43210,43220",London
11370918,ENERSOL UK LIMITED,active,N22 8HH,"43210,43290",London
07617042,BRISLEE ELECTRICAL LIMITED,active,EC2A 4LU,43210,London
14048396,EC INSTALLATIONS LTD,active,N20 0QQ,43210,London
15743964,INN CONTACT LTD,active,N21 1UL,"43210,46900",London
12196409,NRJ BORISOV LTD,active,NW2 4AJ,43210,London
08932479,KINGS CONTRACTORS (UK) LIMITED,active,E15 4HL,"43210,43390",London
14441644,WIRE IT LTD,active,N1 7GU,"43210,62020",London
14109842,L & J ELECTRICAL SOLUTIONS LIMITED,active,EC2A 4LU,43210,London
12020557,ROSE ELECTRICAL CONTRACTORS LTD,active,WC2H 9JQ,43210,London
10775810,ALLEGO CHARGING LTD,active,EC4V 4BE,"27120,27320,43210,62090",London
07696737,ADE BUILDING SERVICES LIMITED,active,SE2 9HS,"43210,43220,43290",London
11333420,MIZON ELECTRICAL LTD,active,E20 1DP,43210,London
12790033,OFFICE CORPORATION LTD,active,WC1V 7HP,43210,London
06669473,RGS ELECTRICAL LTD,active,SE22 0NF,43210,London
08535771,MARK BUILDING MAINTENANCE LTD,active,E17 5PE,43210,London
13755804,TRUEFIX ELECTRICAL & SECURITY SYSTEMS LTD,active,EC1V 2NX,"43210,43999,80200,95240",London
12163713,TWYFORD PROPERTY MANAGEMENT SERVICES LTD,active,W3 9PP,"43210,98000",London
10923441,SLOANE PROPERTY MAINTENANCE LIMITED,active,SW19 2BY,"43210,43220,43310,43341",London
10785758,ELECTRIC SERVICES GROUP LIMITED,active,NW9 9HH,43210,London
05788286,GLOBAL FLOW LIMITED,active,SW19 6TG,"43210,51102,70229,85590",London
09066184,S-SPARKY PRO LTD,active,NW6 2DR,43210,London
05518301,GREG & SONS LIMITED,active,NW9 5GX,43210,London
09526152,SAMS ELECTRICAL LIMITED,active,N14 6HS,43210,London
09159371,1ST CLASS ELECTRICAL SERVICES LTD,active,SE2 0RG,43210,London
08788588,ELE SYSTEMS LIMITED,active,N9 7BY,43210,London
12176754,A.MACS ELECTRICALS LTD,active,E11 4QE,43210,London
12474299,TRONICON LTD,active,W14 0HH,"43210,47410,47990,70229",London
12813662,PRO INSTALL M & E LIMITED,active,W1S 4JL,43210,London
12277999,ANDELEC CONSULTANCY LTD,active,NW9 0BA,"43210,43390,71200,96090",London
11511078,COVENT GARDEN SERVICES LIMITED,active,WC2H 9JR,"43210,43220",London
09159871,ADAMS ELECTRICAL SOLUTIONS LIMITED,active,E1 8DR,43210,London
13941820,ACE FACILITY MANAGEMENT SERVICES LIMITED,active,WC2H 9JQ,"43210,43220,43290",London
13425822,SW ELECTRICAL CONTRACTORS LTD,active,SW16 4QH,"33140,43210",London
11522396,MFSI ELECTRICAL LTD,active,N22 5AD,43210,London
09170116,ECO GLO LIMITED,active,EC1V 2NX,43210,London
12670815,BAILIE MECHANICAL & ELECTRICAL LTD,active,N18 1HH,43210,London
15782868,BROTHERS VISION LTD,active,SW8 1NE,"43210,43220,43999",London
11655939,BELLECO ELECTRICAL LIMITED,active,E9 5PT,43210,London
09093645,DAWSONS ELECTRICAL SERVICES LTD,active,SE17 3JR,43210,London
07062085,MORETECH LIMITED,active,E6 3RX,43210,London
09640025,SWINABBEY GROUP LIMITED,active,N12 8QJ,43210,London
14056763,FIRSTWAY SOLAR LTD,active,SE19 3RW,43210,London
06335144,DESIGNER METAL PRODUCTS LIMITED,active,E17 4EE,43210,London
12085829,AC ELECTRICAL (SURREY) LIMITED,active,SW19 3NW,43210,London
08687552,EAGLES ELECTRICAL LTD,active,W1T 6EB,43210,London
04501112,ORMAN CONTRACTING LIMITED,active,W7 1NB,"43210,43220",London
14344727,AVM ELECTRICAL LTD,active,N13 6AN,43210,London
13464941,PRECISION ELECTRICAL SOLUTIONS LIMITED,active,NW9 8SL,43210,London
14930973,VLAD ELECTRICS LTD,active,SE12 9PT,43210,London
03570798,M J P ELECTRICAL LTD,active,SE25 6UE,43210,London
06603127,LONDONELECTRICALS.CO.UK LIMITED,active,N7 8GR,43210,London
10960478,TELEGRAPH HILL BUILDERS LTD,active,SE14 5PP,"43120,43210,43290,43390",London
06617743,S. MUCA LIMITED,active,NW10 4SJ,43210,London
12918698,CGB ELECTRICAL GROUP LTD,active,E4 7BA,43210,London
14946172,FUSED ELECTRICS LTD,active,EC1V 2NX,43210,London
14378696,SULIS ELECTRICAL LIMITED,active,NW1 9PR,43210,London
15797746,GETRICITY LIMITED,active,SW11 8BZ,"35110,39000,43210,74901",London
14216205,STORY HORSE LTD,active,E9 6JS,43210,London
10805181,MAREM LIMITED,active,SE18 6TU,43210,London
11716966,A & O CONSTRUCTION SERVICES LIMITED,active,N14 6NZ,43210,London
10873139,S GAUL ELECTRICAL LIMITED,active,E17 4EE,43210,London
14922175,CENTURION ES LTD,active,SE19 2LX,43210,London
09639790,BLUE LANTERN ELECTRICAL SERVICES LIMITED,active,NW6 6QA,43210,London
03994632,QUINN ELECTRICAL LIMITED,active,NW9 8JP,43210,London
14154422,GALAXIA CONSTRUCTION LIMITED,active,SW18 5EF,"41202,43210,43220",London
13619068,SALIENT INSTALLATIONS LTD,active,N1 7GU,43210,London
05851287,ELCOFIX LTD,active,SE28 8HA,"43210,43390",London
03589511,ELMO ELECTRICAL CONTRACTORS LTD,active,WC2H 9JQ,43210,London
15810587,ENESERVE LIMITED,active,E2 8DN,"43210,43220,81100,81210",London
15810961,PARADIGM LOFTS & CONSTRUCTION LTD,active,E2 6AH,"41201,41202,43210,43220",London
12744200,FIX MY PROPERTY LTD,active,W2 1RD,"43210,43220,43390",London
11555842,SG POWER DISTRIBUTION LTD,active,W1W 5PF,"42220,43210,71129",London
11676298,SMART NETWORKING LTD,active,E17 6JH,43210,London
07696622,J.P.H BUILDING SERVICES LIMITED,active,SE9 5HP,43210,London
15800751,DOUBLE SHOCK LTD,active,NW9 6EU,43210,London
10099451,KC STAR ELECTRICAL LIMITED,active,NW10 6RF,43210,London
06605715,BSP CONTRACTING LIMITED,active,EC1V 2NX,43210,London
09778951,LONDON OHMS CENTRAL LTD,active,W8 6SN,"43210,43220,43290",London
12864477,JLB ELECTRICAL CONTRACTOR LTD,active,N2 9EB,"42220,43210,43290,43390",London
06691808,E17 ELECTRICIANS LTD,active,E4 8DN,43210,London
12856023,TC BUILDING & ELECTRICS LIMITED,active,SE14 5LZ,"41100,41202,43210,43220",London
14891916,LUC M&E SERVICES LIMITED,active,NW3 1PR,"43210,43220",London
10236029,RB CONNECT LTD,active,N1 7GU,43210,London
10419283,M SYSTEMS LTD,active,SE9 1DN,"43210,43999,47990",London
14174528,IN BASSA ELECTRICAL LIMITED,active,E18 1HA,43210,London
05230128,DEMSE TECHNICAL SYSTEMS LIMITED,active,N17 8DT,"43210,74909",London
04069108,K2 ELECTRICS LIMITED,active,N22 8YW,43210,London
14955473,NILE CONSTRUCTION LTD,active,NW10 8GS,43210,London
14169417,REFINE CONSTRUCTION LTD,active,N22 8JR,"41100,41201,41202,43210",London
10638097,S&A LONDON ELECTRIC LIMITED,active,W3 8BB,43210,London
10824681,EDLECTRICAL LIMITED,active,SE14 6RL,43210,London
05362907,KENSINGTON BUILDERS & DECORATORS LIMITED,active,E10 7BH,"43210,43220,43290,43310",London
12861675,SWELLELECTRICIANS LTD,active,W14 8TD,43210,London
08680569,PLATINUM ELECTRICAL CONTRACTING LTD,active,N1 7GU,43210,London
10827916,KENNETT ELECTRICS LIMITED,active,WC2A 2JR,43210,London
07068812,NPH (LONDON) LTD,active,N14 5DX,"41202,43210,43220",London
13622383,CLEAR MAINTENANCE LTD,active,E7 8PS,43210,London
12314769,J&C ELECTRICAL LTD,active,EC2A 4NE,43210,London
08203085,HUNTLEY ELECTRONIC SYSTEMS LTD,active,N14 6HF,43210,London
06285720,HALLOWELL ELECTRICAL ENGINEERS LIMITED,active,E11 1NL,43210,London
09098843,SIX SEVEN PROJECT LTD,active,N1 7GU,"43210,62090",London
02729551,GRATTE BROTHERS BUILDING SERVICES MAINTENANCE LIMITED,active,N1 9RL,43210,London
15831290,GASNET LTD,active,E4 8SA,"43210,43220",London
14635042,GREEN ENERGY SYSTEMS LTD,active,WC2H 9JQ,43210,London
14425769,BOLT ELECTRICS LTD,active,N19 4HU,"43210,71122",London
12091162,PST (PACK SERVICE TEAM) LIMITED,active,W1T 5DB,43210,London
06466122,IRS SOLUTIONS LIMITED,active,E4 6AG,43210,London
09773901,MEM PLUMBING & ELECTRICAL LIMITED,active,N13 4XS,"43210,43220",London
15825170,AUTIFY LTD,active,EC1V 2NX,"43210,71121,71122,74100",London
14250457,GPE ENGINEERS LTD,active,SE25 4XT,"43210,43220",London
11630059,WATTS AMP ELECTRICAL SERVICES LTD,active,NW9 8SL,43210,London
13781795,DACC EUROPE MECHANICAL AND ELECTRICAL LIMITED,active,E14 4AS,"33200,43210,71129",London
09671883,FORYOU ELECTRICAL LTD,active,N8 8PT,43210,London
05851476,INSTANT KITCHENS & BEDROOMS LIMITED,active,E14 7AF,43210,London
12078911,BUILDER BEE LIMITED,active,E1 8JH,"41202,43210,43330",London
10614753,MATT TAYLOR ELECTRICAL LTD,active,E18 2JT,"41100,43210",London
14486726,CAVENDISH FIRE AND SECURITY LTD,active,WC2A 2JR,"43210,80200",London
09232878,TAMPY ELECTRICAL LIMITED,active,SE11 4HX,43210,London
12500308,PD ELECTRICAL LONDON LIMITED,active,E4 6HY,43210,London
10611460,EL.CEM LIMITED,active,N4 1LZ,"41202,43210,43290,43390",London
00931022,MURPHY TECHNICAL SERVICES LIMITED,active,NW5 1TN,"43210,43999",London
14974523,AAJ ELECTRICAL SERVICES LTD,active,W3 7JT,43210,London
14657129,DJ ELECTRICAL SERVICES LIMITED,active,N17 6EP,"43210,85600",London
15835764,LEVI L-ECTRICS LTD,active,SW16 2SS,43210,London
11581027,AC1 ELECTRICAL SERVICES LIMITED,active,E14 9XL,43210,London
15834545,HAPPY HOUSE PROJECT LTD,active,NW10 9UD,"41202,43210,43341,43910",London
05481590,GASEL SERVICES LIMITED,active,N13 6JH,43210,London
13507572,MANCHESTER INTERIOR DECORATION LTD,active,WC2H 9JQ,"43210,43310,43330,43341",London
10290873,ALP ENGINEERING & CONSULTANCY LTD,active,SW1V 1RY,"33140,43210,74100",London
14457876,JANWAY ELECTRICS LTD,active,E6 6NT,43210,London
05604410,I M ELECTRICAL CONTRACTS LIMITED,active,N13 5RY,43210,London
15020986,ABG GROUP SOLUTIONS LTD,active,EC4M 7JN,43210,London
09101933,PLF ELECTRICAL LTD,active,N7 8GR,43210,London
06731456,BOGDAN CONTRACTORS LTD,active,E15 1SU,"43210,43220,43330,43341",London
07886213,CUSTOM SOLAR LTD,active,SE1 9SG,43210,London
04833295,SHEVKET BROTHERS LTD,active,E18 1AN,43210,London
12254270,YELROC GLOBAL LTD,active,EC1V 2NX,43210,London
11745590,EXPANDCO LTD,active,N19 3LZ,"43210,43220,43341,43910",London
14406535,COMPOUNDING HARMONICS LIMITED,active,N22 6HU,"43210,43220,98000",London
11808210,OSPREY SECURITY SOLUTION LTD,active,E10 6LA,"42220,43210",London
12048173,AZRA IT TECHNOLOGY LTD,active,N3 2LN,"43210,62020,62090",London
12387848,WATERHOUSE M&E LTD,active,N3 1XW,"43210,43220,43320",London
12395011,SKYLINE DIMENSIONS LTD,active,E12 5QR,"43210,43220,43390,43910",London
09122556,STM RENOVATION LIMITED,active,N17 9PT,43210,London
12136552,YRH ENGINEERING LIMITED,active,SE23 3HW,"35140,41201,42210,43210",London
14997992,PEGASUS ELECTRICAL SOLUTIONS LTD,active,EC2A 4NE,"33140,43210,74100",London
15841137,ELECTROSCOPE ELECTRICAL LIMITED,active,E4 9HZ,43210,London
08323479,THEYDON ELECTRICAL LIMITED,active,N3 2SZ,43210,London
06290670,FIRST CALL LIMITED,active,E12 6RN,"43210,43220",London
12810608,INTEGRATED CARE GUARD LTD,active,WC2H 9JQ,43210,London
11690657,DV CABLING LTD,active,NW9 5FL,43210,London
14198558,ELECTRO CONDUCT LTD,active,W13 9PW,43210,London
10298652,SAFEHANDS HEATING & PLUMBING LIMITED,active,E6 6AX,"43210,43220,43290,43390",London
10294089,UNIQHOME LTD,active,E11 2RF,"43210,43999",London
10157511,INSIGHT ELECTRICAL SERVICES LTD,active,NW2 1DT,43210,London
13102470,AMB ELECTRICAL LTD.,active,SW6 3JD,43210,London
14734751,AG HEATING & ELECTRICAL LTD,active,E6 2HB,"43210,43220",London
13692622,SUPPORT 2 GO LTD,active,E14 9TS,"43210,43220",London
11604166,ACTION BUILDING SERVICES LTD,active,EC1V 2NX,"43210,43220,43290,43390",London
09255449,NAD ELECTRICAL SERVICE LTD,active,SE11 4HR,43210,London
11067090,TOMASZ ELECTRICAL LIMITED,active,SE25 6AQ,43210,London
12964380,SKILLS ESSILFIE ELECTRICAL SERVICES LIMITED,active,SW9 0UU,"33140,43210",London
11620958,MK LONDON GROUP LIMITED,active,SW6 2SZ,43210,London
12934727,JJ LONDON SERVICES LIMITED,active,E9 5AA,"43210,68100,68320,80200",London
08753349,TH.ES ENTERPRISES LTD,active,SE13 7DW,43210,London
15906855,MADALI ELECTRIC LIMITED,active,N16 5UP,43210,London
10860801,P.B.POWER AND DATA LTD,active,SE8 4BF,43210,London
15904072,PINNACLE HOME SOLUTIONS (PVT) LIMITED,active,SW17 9HP,"41100,41202,43210,43220",London
04261540,HOME 2 LIMITED,active,SW14 8EF,43210,London
14287956,CO2 CONTROLS SERVICE LTD,active,EC4A 2AB,43210,London
07069664,ELCOM PROJECTS LIMITED,active,N3 2SZ,43210,London
09689503,AKK ELECTRICAL SERVICES LTD,active,EC2A 4NE,"43210,43999",London
10316110,SMARTSPARKY ELECTRICAL SERVICES LTD,active,E20 1AN,"43210,82990",London
10333257,WIRED UP ELECTRICAL SOLUTIONS LIMITED,active,E14 9FJ,43210,London
13941512,WEST LONDON ELECTRICAL CONTRACTOR SERVICES LTD.,active,W3 6AY,43210,London
15909067,RKW HOMES LTD,active,WC2H 9JQ,"41201,41202,43210,43220",London
12207369,CHEN HEATING AND PLUMBING LIMITED,active,EC1V 2NX,"43210,43220,43320,78200",London
10879392,RAUL TULEI LTD,active,SE3 8UD,"41100,43210",London
13006871,LUMEX TRADING LTD,active,WC2H 9JQ,43210,London
09705490,EFFICIENT EARTH LTD,active,SW20 9HL,"33140,43210",London
08178425,FIRST CALL ELECTRICAL LIMITED,active,SE9 2BD,43210,London
11703059,AAM ELECTRICAL SERVICES LTD,active,N9 7RE,43210,London
11725900,ENT TECH SYSTEMS LTD,active,N12 0BP,43210,London
03335630,P & H INSTALLATIONS LIMITED,active,E4 6AG,43210,London
13296874,XPRT LIMITED,active,NW7 2HP,"14110,14132,43210,43220",London
09869775,GOLDEN PIN LIMITED,active,N3 2LJ,"14110,14132,43210,43220",London
11660216,NOUR2B LIMITED,active,EC1V 2NX,43210,London
11006717,AA ELECTRICAL CONTRACTORS LIMITED,active,SE19 3TT,43210,London
15923323,ZAK ELECTRIC LIMITED,active,E16 3DS,43210,London
15918640,STATHAM’S PROPERTIES SERVICE LTD,active,EC1V 2NX,"41100,41201,41202,43210",London
08306199,BEST ELECTRICAL SERVICES TODAY LTD,active,W3 0LJ,43210,London
12234888,CONSTRACTION UK LTD,active,W4 1SZ,"25110,43210,43342,43390",London
13665900,AUTOMATED CONTROLS INSTALLATIONS LTD,active,SE23 3UW,43210,London
04493853,BMN SERVICES LTD,active,W1H 6BQ,"43210,43220,43310,43342",London
11400088,WORLDFIBER TELECOMMUNICATION LTD,active,EC4N 8AL,"43210,61900",London
15923997,SIRI CONSTRUCTION LTD,active,EC2A 4NE,"41202,43210,43220,43910",London
13752802,S&S INTERIOR RENOVATIONS LTD,active,SE16 4UX,"43210,43290,43341,43390",London
12299472,CASAFIX LTD,active,W8 4LZ,"43210,43220,43999",London
09691059,JEREMY ELECTRICAL LIMITED,active,N18 2DL,43210,London
12634081,EZBUILD & MAINTAIN LTD,active,E1 5AB,"41202,43210,43220,43341",London
06816902,NAC ELECTRICAL SERVICES LIMITED,active,E14 9DT,43210,London
12567037,CCTV INSTALLATION LTD,active,SW16 5NN,43210,London
10793556,SSS ELECTRICAL LTD,active,SE6 2NZ,43210,London
11473858,SMALL ELECTRICAL JOBS LTD,active,N12 0BP,43210,London
06601248,M P ELECTRICAL CONTRACTORS (BERKSHIRE) LTD.,active,W3 0BU,43210,London
05949072,B.  MERRY ELECTRICAL LIMITED,active,E6 3RX,43210,London
10477248,ZAR SYSTECH LTD,active,N16 7XB,"43210,61300",London
10355456,RBS CONTRACT SERVICES LIMITED,active,EC2A 4NE,"43210,43220",London
08294837,CREDENCE CONTRACTS LTD,active,N12 0BP,"43210,43220,43290,43999",London
07445400,BLUEVISTA SOLUTIONS LIMITED,active,WC1N 3AX,"43210,62020,90020",London
11673075,A.OK ELECTRICAL INSTALLATION & COMPLIANCE SERVICES LIMITED,active,N18 1RT,43210,London
09435404,MJ CONNECTED LTD,active,SE5 0BD,43210,London
13585713,WHITTEN LTD,active,N21 1HS,43210,London
02820813,ETON ASSOCIATES LIMITED,active,EC3A 8BF,"43210,43220,43290",London
14615626,APEX LONDON GROUP (MAINTENANCE) LTD,active,W1T 5DB,"33140,43210",London
12854495,CALEB&TYLER SERVICES LTD,active,W9 3NG,"43210,52290",London
14283051,LP ELECTRICIAN EXCELLENCE LTD,active,N14 6LN,43210,London
12168650,B'SPARK'S ELECTRICAL SERVICES LIMITED,active,N14 6HF,"43210,43999,82990",London
12342778,ESS & SOLAR SOLUTIONS LIMITED,active,E6 1BF,"43210,47910,74100",London
12097908,SOLAR ELECTRICAL LTD,active,N3 1YH,43210,London
11443360,SKYSCAPE GROUP LTD,active,N1 7GU,43210,London
10973167,ZK LIGHTING & ELECTRICAL LIMITED,active,N13 4PN,43210,London
09453923,E7 ELECTRICAL LTD,active,E1 5JL,"43210,96090",London
13570558,VEROHM ELECTRICAL LTD,active,WC2A 2JR,43210,London
15943866,DIGITALRETAILPREVIEW LTD,active,NW11 6DX,43210,London
15076616,O & M ELECTRICIANS AND REFURBISHMENT LIMITED,active,WC2H 9JQ,"41202,43210,43220,96090",London
15943573,SABLE BUILDING INDUSTRIES LTD,active,WC2H 9JQ,"43210,77390,78109,78200",London
11251743,CONNECTED SYSTEM SOLUTION UK LTD,active,W1W 5PF,"33140,42220,43210,61100",London
09914046,OSEDUMME LIMITED,active,SE18 5QW,43210,London
05377672,ALB BUILDING SERVICES LTD,active,N12 9DA,"43210,43220,43330",London
13534081,SACH ELECTRICAL LIMITED,active,E4 6RF,43210,London
15924566,PR MECHANICAL SERVICES (IRL) LIMITED,active,WC2H 9JQ,"42910,43210,43220,43290",London
15924972,MH ELECTRICS LIMITED,active,E17 5BX,43210,London
15948301,GUK SOLUTIONS LTD,active,E17 6JG,43210,London
12754725,LOVE AUTOMATION LTD,active,N6 5JX,43210,London
13098266,JZ ELECTRICAL INSTALLATIONS LTD,active,N13 4XS,43210,London
08863666,RAY LEWIS ELECTRICAL CONTRACTORS LIMITED,active,N18 1PH,43210,London
05907210,SPICE INSTALLATIONS LIMITED,active,SE18 7BH,"43210,82990",London
01775019,POWER TRONICS LIMITED,active,E11 1LP,43210,London
00215402,BALFOUR BEATTY ENGINEERING SERVICES (HY) LIMITED,active,E14 5HU,"43210,43220",London
13803216,GRIFFIN ELECTRICAL SERVICES LTD,active,W12 0BJ,43210,London
09678783,RJK ELECTRICAL LTD,active,NW2 3LP,43210,London
11553738,VVB ENGINEERING (UK) LIMITED,active,EC4M 9BR,43210,London
11456406,JEAN PAUL ELECTRICAL LIMITED,active,EC2A 3AR,43210,London
11473005,KCK ENGINEERING LTD,active,EC1V 2NX,"43210,43290",London
11263973,GREGORIS LONDON LTD,active,WC1E 6DX,43210,London
10523932,BLUCO ELECTRICAL LTD,active,E17 4BH,43210,London
12343358,TINGO ELECTRICAL LIMITED,active,NW2 3BT,43210,London
13576563,JD O'LEARY LTD,active,E9 5SH,43210,London
09414748,SIMON ELECTRICAL SERVICES LIMITED,active,NW7 2AS,43210,London
10595399,GS4 SOLUTIONS LIMITED,active,E7 9DH,43210,London
11596774,SMART-TECH ELECTRICAL LIMITED,active,N22 6RP,43210,London
11878005,FITZ LIGHTING LTD,active,NW6 2EB,43210,London
11446300,KO MAINTENANCE (LONDON) LTD,active,EC1V 2NX,"43210,43390",London
11476282,ACNA LTD,active,E12 6LL,"41202,43210,78109",London
11729638,POWER EXCHANGE ELECTRICAL SERVICES LIMITED,active,NW2 7LT,43210,London
10293671,MR SECURITIES LTD,active,E1W 3RB,"42990,43210,80100",London
08051455,MAGREE LIMITED,active,SE9 3TL,43210,London
13786978,IE ELECTRICAL LTD,active,N13 5TP,43210,London
15956477,JAMES MANNING ELECT LTD,active,EC2A 4NE,"33140,43210,71200",London
07888977,POWER CONNEXIONS LIMITED,active,NW10 6RF,43210,London
15078553,GREEN SOLAR & RENEWABLES LIMITED,active,EC1V 2NX,"42220,43210,43290,71129",London
15957134,GC ELECTRICAL & MAINTENANCE LTD,active,N12 8QA,43210,London
04609159,K A ELECTRICAL LIMITED,active,SW14 8EF,43210,London
15415309,ELECTRYX LTD,active,EC1V 2NJ,"43210,43290",London
13070044,DYNAMIK ELECTRICAL SERVICES LTD,active,E10 6DP,43210,London
09773521,RAMPAUL ELECTRICAL LIMITED,active,EC3M 5JD,"33140,43210",London
14992540,POWER FIX ELECTRICAL SOLUTIONS LTD,active,WC1N 3AX,43210,London
14978325,COOLING SYSTEMS SOLUTIONS LTD,active,N11 1PJ,"43210,43220,43290",London
14506321,FSK ELECTRICAL LTD,active,WC2H 9JQ,43210,London
07306102,KRAKRA ELECTRICAL LTD.,active,NW4 2TL,43210,London
07208883,RENEWABLE CLEAN ENERGY LIMITED,active,EC3M 4AE,43210,London
13703974,A G MCEVOY LIMITED,active,E6 3RX,43210,London
14983700,NORTHPINE SMART SOLUTIONS LTD,active,EC1V 2NX,"43210,62090",London
11265636,DDR CONSTRUCTION LTD,active,SE9 3DY,"41100,43210",London
15964156,ANGLO-TESLA ELECTRICAL LTD,active,SW9 6PP,43210,London
12893150,K & H POWER SOLUTIONS LIMITED,active,NW9 8NX,43210,London
08748899,MAKALU ELECTRICAL LIMITED,active,N13 4BG,43210,London
09900544,FSE PLANT HIRE LTD,active,N1 7GU,"43210,43991",London
15965406,LEX TECHNICAL SERVICES LTD,active,WC2H 9JQ,"41100,41201,41202,43210",London
12183865,FSEL DALMAR LTD,active,E17 8HQ,"43210,84250",London
15967533,CIRCUITCORE LTD,active,E17 6EL,"43210,68209,98000",London
06880916,MAVEN ELECTRICAL LIMITED,active,SW13 0PN,43210,London
14568006,ESM RENEWABLES LTD,active,WC2H 9JQ,"43210,43220",London
08472639,BROMLEY SOUTH ELECTRICAL LTD,active,SE15 3TX,43210,London
13521144,DAVID DOHERTY ELECTRICAL LIMITED,active,W5 4UB,43210,London
11439916,LOOP IN ELECTRICAL LIMITED,active,E6 3RX,43210,London
10408051,SWITCHD LTD,active,EC3V 3NG,"42220,43210,63990,96090",London
12255176,AD SPARKS LTD,active,NW9 6JG,43210,London
11013538,RPA ELECTRICAL SERVICES LIMITED,active,N11 2RR,43210,London
14052289,CGC ELECTRICAL SERVICES LTD,active,NW10 0EN,43210,London
07074262,INSPIRED DESIGNS (BUILDING) LIMITED,active,N3 2LT,"43210,70229",London
09243245,4TRONIC LTD.,active,WC2H 9JQ,43210,London
13513015,BULB ELECTRICAL LIMITED,active,NW9 8HE,43210,London
15030003,KEVLAR ELECTRICS LTD,active,E5 9AU,"43210,43220",London
12981586,HIGH STANDARD ELECTRICALS LTD,active,SE13 7TY,43210,London
08241660,SK ELECTRICAL SERVICES (UK) LTD,active,SE9 4DL,43210,London
11610650,JAY-TECH ELECTRIC LTD,active,N11 1EJ,43210,London
07053021,BURLINGTON ELECTRICALS LIMITED,active,N10 1NJ,43210,London
11632730,HOME FIX GLOBAL LIMITED,active,E11 4HD,"43210,43220",London
15869180,AM ELECTRICIAN MAINTENANCE LTD,active,N16 0NY,"43210,43390",London
11029669,LMB ELECTRICAL CONTRACTORS LIMITED,active,N12 8QJ,43210,London
11653414,VMK ELECTRICAL LTD,active,N12 0HH,43210,London
12940206,EIE LONDON LTD,active,NW9 5JD,43210,London
15861991,MM BUILDERS & INSTALLATIONS LIMITED,active,E2 0QR,43210,London
11288263,WIRE DESIRE ELECTRICAL LIMITED,active,E17 6PS,43210,London
13527737,CIRCUIT SAFE LIMITED,active,SE18 6GQ,43210,London
11486759,SIMARC ELECTRICALS LIMITED,active,E5 8SX,43210,London
07042427,AIRCOND (RO) LIMITED,active,NW9 8SL,"43210,43999",London
04484138,MARKBENCH ENGINEERING SERVICES LIMITED,active,SW11 5QL,"43210,46190,46620",London
07770761,BCL GWYNT LIMITED,active,EC3M 6BL,"42990,43210",London
12948559,BOSS ELECTRICS LTD,active,E15 3BQ,43210,London
11450965,GETO-DACIA BUILDING LTD,active,EC1V 2NX,"43210,43390",London
07396982,KOVOSCHMIDT LTD,active,N1 7GU,43210,London
13233018,VERIFY ELECTRICAL LTD,active,EC1V 2NX,43210,London
10031292,OLX TECH LTD,active,E6 1NQ,"43210,43999",London
09807022,MILTONS OF PIMLICO LTD,active,SW1P 4ER,"43210,43220,43390",London
05269173,SAFESTART LTD,active,NW4 1NJ,43210,London
05892273,ILFORD ELECTRICAL LTD,active,E14 9FJ,43210,London
11614076,LONDON WEST ELECTRICAL SERVICES LTD,active,WC1N 3AX,43210,London
15063141,KS ENGINEERING SOLUTIONS LTD,active,E6 3JQ,"33140,41201,43210,43220",London
15586192,ENGI SOLUTION LTD,active,N22 5EE,"43210,78200",London
09807807,SREMA LTD,active,N1 9SB,43210,London
11552717,BOB ELECTRICAL SERVICES LIMITED,active,N9 8EJ,43210,London
12977574,SEFA SERVICES LIMITED,active,SE25 4UF,"43210,43290",London
13609131,WISHPROPERTYSERVICES LTD,active,EC1V 2NX,"41202,43210,43220,43341",London
07409526,SOLAR TEAM LTD,active,SW18 1NW,"35110,43210",London
09139913,ATO -SOLUTIONS1 LIMITED,active,SW19 2RR,43210,London
14285704,TECKENGINEERING LIMITED,active,EC2A 4NE,43210,London
14289560,NEE ELECTRICAL LTD,active,W12 8ES,43210,London
11038153,OMARAH ELECTRICAL LTD,active,SE15 3TT,"33140,43210",London
05523497,MM ELECTRICAL SERVICES LTD,active,W2 1DS,43210,London
02916866,S A FIRE AND SECURITY SYSTEMS LIMITED,active,W7 2QE,"43210,80200",London
11927273,AUTOMATRY LTD,active,SE16 4AZ,"26400,43210,62012",London
11143581,OHMEGA ELECTRICAL SPECIALISTS LIMITED,active,E6 3RX,43210,London
13516971,FREQUENCY ELECTRIC UK LTD,active,W13 8DG,43210,London
14522440,CYPAK LTD,active,E11 4HS,43210,London
06440390,FACELIFT ELECTRICAL SERVICES LIMITED,active,WC2H 9JQ,43210,London
06573145,MARK ORBIT AND COMPANY LIMITED,active,E5 9JS,43210,London
12835005,BOXALL BUILDING SERVICES LIMITED,active,E1 8PY,"43210,43220",London
15894280,24/7 POWERUP ELECTRICAL LTD,active,SW12 8QL,43210,London
04634646,ALLAN WATSON ELECTRICAL LIMITED,active,N14 4TU,43210,London
10504022,AGR ELECTRICIANS LTD,active,N22 8HF,43210,London
12344778,ARENA FIRE AND SECURITY LONDON LTD,active,N21 2AD,43210,London
12801373,NATIONAL HEATING LTD,active,E7 8PP,"33140,43210,43220",London
11517853,J A SERVICES (LON) LTD,active,SW11 5QL,43210,London
11496689,IE M & E LIMITED,active,W6 9PL,"43210,43220",London
11916696,HILLFORD LIMITED,active,EC1V 2NX,"43210,71129",London
07158762,E.K.W ELECTRICAL SERVICES LIMITED,active,N3 1QA,43210,London
14488261,L & B BUILDING CONTRACTORS LTD,active,E12 6NX,"41201,41202,43210,43220",London
15900837,EU TECH PRO LTD,active,WC2H 9JQ,"43210,61100,62020,62030",London
07432412,JASTONE ELECTRICAL SERVICES LTD,active,SW19 2RD,43210,London
14485281,EPS PROJECTS LTD,active,EC1V 2NX,43210,London
15056486,HOYDEPS LIMITED,active,SE1 0AS,"43210,43220,43390",London
14651113,NORI ELECTRICS LIMITED,active,E15 4BQ,43210,London
13766458,HOT STINGER LTD,active,E2 7LF,"43210,59200",London
04968816,JEBARR LIMITED,active,SW18 1PE,43210,London
15030856,BTA LIGHTING LTD,active,N5 2TE,43210,London
10251315,DVN GROUP LTD,active,W5 2UA,"41202,43210",London
13060981,MAJESTIC BUILDING MAINTENANCE LTD,active,WC1N 3AX,"43210,43220,43310,43341",London
14349583,GES ELECTRICAL SERVICES LTD,active,N11 3NP,43210,London
13496068,BORDERLAND BOATS LTD,active,N1 7GU,"30120,43210,56290",London
14957960,SCUBA SPARK LTD,active,N1 7GU,43210,London
12284974,AMFORA AP LTD,active,E11 1HT,"43210,43390",London
14399318,ANTONY PITTS ELECTRICALS LTD,active,SW16 5PF,43210,London
12282033,TJA ELECTRICAL LTD,active,N20 8DG,43210,London
11599968,WIKTOR ELECTRICS LTD,active,N20 0UT,43210,London
10827489,ONE 01 ELECTRICAL SERVICES LIMITED,active,E9 6SD,43210,London
09276888,ELPROM LTD,active,NW6 7LY,43210,London
15809632,AATHEESAN BUILDERS LIMITED,active,NW9 0UA,"41202,43210,43390",London
14188238,DCM ELECTRICAL SERVICES LTD,active,WC2H 9JQ,43210,London
14251349,NEIL CORRY ELECTRICAL LTD,active,W3 0BU,43210,London
15822053,UB SOLAR UK LIMITED,active,EC1V 2NX,"42220,43210,43290",London
13633256,DEEZA BUILDING SERVICES LTD,active,E16 3RZ,"43210,43999",London
12901598,E6 ELECTRICAL LTD,active,E1 5LP,43210,London
12914801,JJ RYAN ELECTRICAL LTD,active,N1 0BS,"33140,43210",London
08735884,STRAND ELECTRICAL LTD,active,NW4 4NJ,43210,London
00653265,E.V. BULLEN & SON LIMITED,active,SE9 3TL,"43210,43220,43999",London
07868018,WIRED AND WONDERFUL (UK) LTD,active,SW18 3SZ,"35140,43210",London
12728676,MPB ELECTRICAL CONTRACTORS LTD,active,WC1N 3AX,43210,London
09419063,CARLIN ELECTRICAL LIMITED,active,EC2Y 8BR,43210,London
10277449,BELLE-VILLA LTD,active,W3 8HD,"43210,43220,43320,43341",London
13608541,SIDONI CONSTRUCTION LTD,active,W3 6EW,"41201,41202,43210,43220",London
13099014,DANIEL CDI SERVICES LTD,active,NW9 7AA,"43210,43220,43290",London
08980414,ASCALON 1982 LIMITED,active,SW11 3YH,"33190,43210",London
09318041,BUZZBAR ELECTRICAL LTD,active,NW11 9EU,43210,London
11437069,BLIKS ELECTRIQUE LIMITED,active,EC1V 2NX,"43210,43290,43390",London
13347565,KAYA ELECTRIC SERVICES COMPANY LTD,active,EC1V 2NX,"33140,43210",London
15992962,PROSAFETYCERTIFICATES LTD,active,E3 2HG,"43210,98000",London
08704607,CC ELECTRICAL SERVICES (LONDON) LTD,active,N14 5JR,43210,London
13828017,KS ENGINEERING SERVICES PRIVATE LTD,active,NW9 6LU,43210,London
07809662,BRIGHT ELECTRICS LTD,active,SE1 3UL,43210,London
10984479,TNT ELECTRICAL LTD,active,N9 7JN,43210,London
11168042,THE HOME GROUP COMPANIES LIMITED,active,EC1V 2NX,"43210,43220,43910,43999",London
16040710,NEW LOOK REFORMS LIMITED,active,E1 0SG,"41202,43210,43220,43310",London
13146615,DENHAM CRESCENT DEVELOPMENTS LTD,active,SW19 1AU,"41100,41202,43210,43220",London
06053251,A & P ELECTRICAL LTD,active,E17 5DX,43210,London
12281286,ACT ELECTRICAL & PLUMBING LTD,active,WC2H 9JQ,"43210,43220",London
12431616,BOGEMANS ELECTRICAL ENGINEERING LTD,active,N1 7GU,"33140,42220,43210,43390",London
08845467,CRIMSON SKY FILM LIGHTING LIMITED,active,NW2 5PN,43210,London
08697093,LORENC CUPI LIMITED,active,NW10 4SJ,43210,London
12418501,EVOLUTION FACILITIES MANAGEMENT LTD,active,WC2H 9JQ,"41202,43210,43220,43390",London
15169236,TRUESTATE SYSTEMS LTD,active,N1 7GU,43210,London
09398410,MORENO ELECTRICAL LIMITED,active,NW3 1JE,43210,London
13586582,ACECO SERVICES LTD,active,SW3 2NY,43210,London
16045567,REGISDEN LTD,active,SE18 6LF,43210,London
13826138,ELECTRIQA LTD,active,NW7 1SN,"33140,43210",London
16044618,DESIGN AND RENEW LIFE LIMITED,active,E1 0SG,"41202,43210,43220,43310",London
16071509,OHM FROM HOME ELECTRIC'S LTD,active,WC2H 9JQ,43210,London
15120781,ACYD GROUP LTD,active,SE28 0DX,"42990,43210,43390,43999",London
10126984,IT- CONSULTING BROKER LTD,active,WC1N 3AX,"33190,43210,46510,95210",London
15244653,RCD UK ELECTRICAL LTD,active,NW9 7AD,43210,London
07074335,PMJ ELECTRICAL SERVICES LIMITED,active,SW17 7NW,43210,London
11547906,ELMONTEX LTD,active,WC2H 9JQ,"41100,43210,80200",London
10907822,ADTRUSOL LTD,active,E11 4DW,43210,London
15107159,HEPWORTH ELECTRICAL SERVICES LTD,active,WC2H 9JQ,43210,London
06696546,BRIGHTSPARK - ELECTRICAL & BUILDING SERVICES LTD,active,SW2 3ST,43210,London
13352040,CAN ELECTRONICS LTD,active,NW1 8QP,"33140,43210,47789,47910",London
11157557,ACY ELECTRICAL SERVICES LTD,active,N21 3NA,43210,London
14461596,KENO ENERGY LTD,active,W1W 5PF,"43210,46520,46900,47910",London
06338595,RMI SOLUTIONS LIMITED,active,E17 6HE,43210,London
05743328,OAKLEAF ELECTRICAL LIMITED,active,NW10 4SJ,43210,London
15111055,V-F ELECTRICAL LTD,active,EC1V 2NX,43210,London
11347531,LOUDEEP LTD,active,W5 5AW,"43210,62090",London
14538304,DEMAR & GAVEL LTD,active,WC2H 9JQ,"41100,41202,43210",London
11144984,SENHOR ELECTRICAL LIMITED,active,NW4 1QP,"43210,43290",London
16053037,VERAMIX LTD,active,WC1X 9LP,"33120,43210,43220,46740",London
13856679,EK ELECTRICAL SERVICES LIMITED,active,N20 0RA,43210,London
05342005,ZERO DEGREES IT & ELECTRICAL LTD,active,SE3 9LP,"43210,62012,85600",London
09379233,MAC BUSINESS SERVICES LTD,active,E7 8DR,"43210,43390,68320",London
16023631,UPVOLT INSTALLATION SERVICES LTD,active,SW1V 1LW,43210,London
11806676,SANDLING LIMITED,active,W1T 5DS,43210,London
08978673,MARTIN DALY LTD,active,SE6 3TW,43210,London
09323555,SGR ELECTRICAL LIMITED,active,W5 2AA,43210,London
09448639,MAPLE ELECTRICAL CONTRACTORS LTD.,active,SE4 2SU,43210,London
09399233,HIGHCONTRAST MANAGEMENT LTD.,active,SE7 7JG,43210,London
09995364,CAMDEN ELECTRICAL ENGINEERING LIMITED,active,NW5 1TR,43210,London
11278258,ED ELECTRICAL & EMERGENCY SERVICES LTD,active,SE20 7HQ,43210,London
11984347,WATT ELECTRICS LTD,active,SE7 7DR,43210,London
10264228,LDL ELECTRICS LTD,active,EC1V 2NZ,43210,London
10696181,INFIGO ELECTRICAL LTD,active,E7 9DD,"33140,43210",London
10706574,ATLANTIC ELECTRICAL LTD,active,SW8 1XR,43210,London
11819805,R.S ELECTRICAL GROUP LTD,active,NW2 7BS,43210,London
04593308,ENVIRON AUDIO LIMITED,active,SW9 6DE,43210,London
10978138,BEDOYA ELECTRICAL LTD,active,SW4 7TB,43210,London
12923326,GP DEVELOP LTD,active,NW6 5QT,"41202,43210,43220,43290",London
12247906,PAGE BUILDING LTD,active,SE21 8RG,"43210,43220,43390,43910",London
12871923,BASE ELECTRICAL LTD,active,SE25 5BL,43210,London
06715845,SECURE (UK) SERVICES LIMITED,active,N9 9HA,"43210,43999",London
16011668,JJG SOLAR LIMITED,active,EC1V 2NX,43210,London
12165998,COX ELECTRICAL CONTRACTING LTD,active,SE3 0TA,43210,London
15603028,BLS ELECTRICAL LTD,active,W6 0LH,43210,London
16019345,SECOND CITY ELECTRICIANS LTD,active,EC2A 4NE,43210,London
05280000,SWA ELECTRICAL ENGINEERS LIMITED,active,NW9 8SL,43210,London
12658164,NEWARC COMPLIANCE SERVICES LIMITED,active,SE3 9QF,43210,London
13489505,DOMI PROPERTY SERVICES LTD,active,SE12 0BY,"43210,43290",London
14574482,D KASSIE ELECTRICAL LIMITED,active,EC1V 2NX,43210,London
10521783,BAHRCO LTD,active,N17 0AS,"41100,43210,68100,82990",London
11792704,SIMICUS CONSTRUCTION LTD,active,W1J 5LP,"41100,43210,43390",London
07772651,SOLAR LDN LTD,active,W5 4DS,43210,London
09143168,E.M.L ELECTRICAL SERVICES LIMITED,active,N13 4PN,43210,London
11702930,ELPANO LTD,active,NW10 0DR,"43210,43999",London
08335288,TLR ELECTRICAL LIMITED,active,E6 3RX,43210,London
08890047,ETEK SERVICES LTD,active,N11 2UT,43210,London
12164174,DELTA SPORTS SERVICES UK LTD,active,E15 1SE,"43210,43220",London
10044937,RAD PROPERTY SOLUTIONS LTD,active,NW2 6GY,"43210,43390",London
14426417,PL ELECTRICAL LONDON LIMITED,active,N18 2AZ,43210,London
16024374,HAZTECH COMPLIANCE LTD,active,EC1V 2NX,43210,London
13137208,DATA-KAM LTD,active,SW16 5HA,"43210,96090",London
15417318,SYNTH SOLAR LTD,active,N16 9NP,43210,London
13692685,SLYC ELECTRICAL CONSULTANCY SERVICES LTD,active,N17 9QU,"43210,61100,61900,70229",London
10679696,ATOBOS LIMITED,active,N22 8QL,43210,London
14599669,LONDON ELECTRICIAN 365 LTD,active,W2 3UH,43210,London
15197619,MJH DATA & ELECTRICAL LTD,active,SW2 2BE,43210,London
04975403,G & G FIXINGS LIMITED,active,SE9 3TL,"41201,43210,43390",London
15151850,LONDON ELECTRICIAN 23 LIMITED,active,N18 2ES,43210,London
12421073,GO ELEC LTD,active,N12 8AT,43210,London
13281337,HOME COMFORT ENTERPRISES LTD,active,N3 2LT,"43210,46130,47990",London
16034380,R1T ELECTRICAL& MAINTENANCE LTD,active,SW16 3DJ,"43210,43999",London
16036353,EAST LONDON ELECTRICIANS LIMITED,active,E3 4JL,43210,London
09294227,J VALE ELECTRICS LTD,active,SE5 0BD,43210,London
14630587,NINE CONTRACTS LTD,active,NW9 8LJ,43210,London
09417577,AE SERVICES LONDON LTD,active,N1 7GU,"43210,47990,79110,96090",London
14712602,CENTEX LTD,active,W1W 5PF,"43210,47910",London
10796885,SMART QMS LTD,active,E13 8BE,"41201,43210,43999,96090",London
14694977,WATTEK LTD,active,WC2H 9JQ,43210,London
08440770,AET ELECTRICAL SERVICE LIMITED,active,N9 9EL,43210,London
13370007,ELECPLUMB FACILITIES MANAGEMENT LTD,active,NW3 5HT,"43210,43220,46740",London
15319608,DOMUS SAPIENS LTD,active,EC1V 2NX,"43210,46431,46470",London
07442572,GBPL LTD,active,NW10 7TR,"43210,43290,47990,62090",London
15126164,BERKS & SPARKS LTD,active,EC2A 4NE,43210,London
11898415,SPENCER TECH LTD,active,NW4 3TT,43210,London
06101732,LEM CONTRACTORS LIMITED,active,SE16 2BL,43210,London
13389638,TRADE ONEX LTD,active,WC2H 9JQ,"43210,46190,47650,95210",London
11149216,GREAT BRITAIN SERVICES LTD,active,SW18 4LT,"43210,43220,43330,43341",London
16091318,HAISER GROUP LTD,active,WC2H 9JQ,"43210,74100",London
16090104,PRIME MK PROPERTY LTD,active,EC2A 4NE,"41100,41202,43210,43220",London
13222752,TMS ELECTRICIANS LTD,active,N17 6DX,43210,London
03956494,JEP INDUSTRIAL LIMITED,active,E16 2BZ,43210,London
16097026,VOLT VISION ELECTRIC LTD,active,N9 0XQ,43210,London
05656021,AABS LIMITED,active,N13 5UE,"43210,43220",London
13126494,RENEWABLE AND SUSTAINABLE ENERGY SOLUTIONS LTD,active,EC1V 2NX,"35110,43210,71122,74901",London
14511872,ELCIO ELECTRICAL LIMITED,active,EC2A 4NE,"42220,43210,80200,84250",London
04173669,CONNECTION CONTRACTS LIMITED,active,SE9 3TL,43210,London
16098170,FAST TRACK NVQ LTD,active,N1 7GU,"43210,85600",London
07449749,PINNACLE REGENERATION LIMITED,active,WC1V 6PL,43210,London
11647754,AUTOMATION ENGINEERING LTD,active,E15 4EN,"33140,43210,71121,71129",London
08405983,PROINSTALL AV LIMITED,active,W1S 4JL,43210,London
05367684,ELTRADE ELECTRICAL LTD,active,E16 2ZE,43210,London
16112786,STERLING CROWN PROPERTIES LTD,active,NW10 7TR,"43210,68320",London
01956726,SURESERVE ENERGY SERVICES NORTH LIMITED,active,WC1A 2AJ,"43210,43220,43290",London
16112199,ASWAR QASIR ALREHAB LTD,active,NW9 0BA,"43210,46520",London
14705271,AMOZ ELECTRICAL LIMITED,active,NW2 6HH,43210,London
14107433,C A & E SERVICES LIMITED,active,SE9 6AP,43210,London
13894327,ZENGO ELECTRICS LIMITED,active,N21 2NE,43210,London
13281597,DENIZ ELECTRICAL SERVICES LTD,active,NW1 8PY,"33140,43210",London
16111841,EDISONSPARKS LTD,active,N7 7BL,43210,London
14562588,NOW ELECTRICS LTD,active,SW16 5NL,43210,London
03322475,TREESTONE LIMITED,active,W3 7LT,"43210,43220,43290,43390",London
10601553,ALS ELECTRICAL SERVICES LIMITED,active,E17 4SA,43210,London
10014148,FES CONTRACTS UK NO 5 LIMITED,active,W1U 8EZ,"43210,46180",London
06812570,ELEKTRIC-ON LTD.,active,E3 5AR,"41202,43210",London
09937725,NTH.ENG LIMITED,active,SW16 5NZ,43210,London
14579958,DALE  POLWARTH LTD,active,EC1V 2NX,43210,London
09444961,SWEENEY SERVICES LTD,active,NW9 5EY,43210,London
11218635,NEST TECHNOLOGY LTD,active,E6 2EU,43210,London
09982822,NCS ELECTRICAL LIMITED,active,E4 9HH,43210,London
13950410,MEZE HERO LTD,active,N4 1EY,43210,London
14691763,S&D SOLAR SYSTEMS LTD,active,N8 0RE,43210,London
16106286,AX ELECTRICAL SOLUTIONS LTD,active,E15 2PP,43210,London
14530493,VECTIS LIGHTNING PROTECTION LTD,active,EC1V 2NX,"43210,43290,43390",London
11534118,OUTPUT AUDIO VISUAL SOLUTIONS LTD,active,SE23 2TR,"43210,74100",London
10526428,POWERLED ELECTRICS LTD,active,N16 6BZ,43210,London
16002220,ELYASS ELECTRICAL LTD,active,E17 8JQ,"43210,43220",London
16003409,T.E.D ELECTRICAL LTD,active,NW2 7SL,43210,London
15945187,LONDON CONCEPT SERVICES LTD,active,SW10 0XF,"33200,43210,43220,43290",London
11707515,LDN MAINTENANCE LTD,active,NW10 7XP,"43210,43220,43290,43341",London
11770603,CITY SPARK ELECTRICAL LTD,active,E11 1HT,43210,London
14579691,JELLYFISH SOLAR LTD,active,WC2H 9JQ,"43210,43999",London
06586394,ALTEVI MANAGEMENT LTD,active,WC1N 3AX,43210,London
06679746,LSH ELECTRICAL LIMITED,active,E6 3RX,43210,London
02246525,HANSETT ELECTRONICS LIMITED,active,SE18 6SS,"43210,46439",London
04730055,BRIAN CHICK LIMITED,active,N3 1LF,"43210,43220",London
02907123,BANCROFT LIMITED,active,E14 9GE,"43210,43220",London
09172920,ZEB ELECTRICAL SERVICES LTD,active,SW16 6PW,43210,London
14557924,ROBERTS ALLISON LTD,active,N1 7GU,"41202,43210,43220,43341",London
10615048,BANCROFT BLUE LIMITED,active,E14 9GE,"43210,43220",London
15984672,SPARK IGNITE LIMITED,active,N14 5QR,43210,London
13653222,BESTER ELECTRICAL LIMITED,active,N3 2SZ,43210,London
13791426,FOSTERS BUILDING SERVICES LIMITED,active,N21 3NA,"43210,43220,43390,81100",London
10566609,CRUX SERVICES LTD,active,NW4 3NH,43210,London
15987993,KEMETICAL ELECTRICAL SERVICES LTD,active,SW16 4AH,43210,London
09915500,R1R2 LTD,active,NW10 7TR,43210,London
05642838,T & I FACILITIES LIMITED,active,N7 7QR,43210,London
13093350,ZITRON UK LTD,active,W14 0EE,"43210,43220,43290",London
13502868,GSA ELECTRICAL SERVICES LTD,active,W11 2QE,"43210,43220",London
14581773,MAXFRI SYSTEMS LIMITED,active,N3 2JU,43210,London
16011656,LUMENPOINT LTD,active,E18 1PS,43210,London
07430599,UNILEVSTRONG LTD,active,NW6 2DR,43210,London
12374751,EPCIDO LTD,active,EC1N 8SU,43210,London
07091905,HORAKTY LTD,active,EC2A 4NE,"41100,43210,46190,62020",London
14710159,EDDIE-SONS LTD,active,N15 3QX,"43210,43290",London
11234384,SHOSPAIN TECHNOLOGY LIMITED,active,SE18 2SG,43210,London
08762086,POWER SOURCE LTD,active,E1 5LP,"43210,62012",London
08874318,BISHOPSGATE ELECTRICAL LTD,active,NW2 7HJ,43210,London
06498902,TT BUILDING CONTRACTORS LIMITED,active,E17 6HE,"43210,43220,43310,43390",London
09048924,CURRENT PHASE ELECTRICAL LTD,active,SW17 9RR,43210,London
13764044,ELTECK LIMITED,active,E11 1NX,43210,London
16108053,BEH ELECTRICS LIMITED,active,W10 5DP,43210,London
11214326,DELTA CONNECTIONS LTD,active,EC1V 2NX,"43210,43999,70229",London
04383461,NEW WORLD TIMBER SUPPLIES LIMITED,active,E14 9FJ,"43210,43320",London
12314986,P&J ELECTRICAL SERVICES LTD,active,E16 1TT,43210,London
09422158,DC ELECTRICAL LONDON LTD,active,SW19 8LE,43210,London
13890253,H & M ELECTRICIAN LTD,active,E17 4GJ,43210,London
12489135,DATALEC BUSBAR INSTALLATIONS LIMITED,active,W1W 6XH,43210,London
15181075,ESS RENEWABLES LIMITED,active,SW19 4EU,43210,London
15181198,LRF ELECTRICAL SERVICES LTD,active,N1 7GU,43210,London
08952709,DLV ELECTRICAL SERVICES LTD,active,NW10 1NU,43210,London
13939931,PROTECH ELECTRICS SERVICE LTD,active,NW2 2JP,43210,London
10032928,RENORA LIMITED,active,NW6 2DR,43210,London
16110555,TPLH LTD,active,N9 9HY,43210,London
11212880,FULL BIT SYSTEMS LTD,active,NW9 6AA,"43210,61900,62090,63120",London
13901279,G&A SECURITY & ELECTRICAL SOLUTIONS LIMITED,active,NW6 1NB,"43210,80200",London
15361073,DIGIPOPUP LTD,active,E12 5AD,"43210,43220,43330,62020",London
14877714,I.K.D LIMITED,active,E6 3AA,43210,London
12715611,APOLLO PROPERTY MAINTENANCE LTD,active,N1 7JU,"41100,43210,68100,68209",London
14627951,NOVOSPACE LTD,active,SW11 4SD,"41100,43210,43220,74100",London
10704098,WEDO ELECTRICS LTD,active,W3 6AY,43210,London
10725272,VOITEX ELECTRICAL LTD,active,W3 0PH,43210,London
14611785,LONDON EMERGENCY ELECTRICS LTD,active,WC2H 9JQ,"42220,43210",London
15434491,DYNAMIC CONTROLS & MAINTENANCE LTD,active,EC1V 2NX,43210,London
02725889,BURFIELD ELECTRICAL LIMITED,active,WC1N 3AX,43210,London
05067895,EAVES DEVELOPMENTS LIMITED,active,E5 8AJ,"43210,68100,68209,68320",London
15412888,EV LASTING SOLUTIONS LTD,active,N1 7GU,"43210,62090,82990",London
11600441,BAZZ CONSTRUCTION LIMITED,active,W4 3LX,"43210,43220,43290,43390",London
14148300,DR RICH ELECTRICS LTD,active,SW6 3AA,"43210,71200",London
14042464,ENERGOSYS LTD,active,WC1N 3AX,"43210,46900,47990",London
16217713,HITCHY LTD,active,EC2A 4NE,43210,London
10022634,LEKTRX SERVICES LIMITED,active,SE23 1HQ,43210,London
05967917,E & E BUILDING SERVICES LIMITED,active,SE26 5RN,"41202,43210,81210",London
04410424,BOUNDARY SURVEILLANCE LIMITED,active,E17 8NE,"43210,43290,80200",London
12033781,E&J HEATING AND ELECTRIC CONTRACTORS LTD,active,B73 5TR,"43210,43220",Birmingham
14701712,UNITY ELECTRICAL CONTRACTORS LTD,active,B77 3LZ,43210,Birmingham
14106906,F L S MIDLANDS LTD,active,B42 2NB,43210,Birmingham
06556840,M S PROPERTY DEVELOPERS LTD,active,B90 3SD,"41201,43210",Birmingham
07125916,CDR ELECTRICAL (MIDLANDS) LTD,active,B91 2SX,43210,Birmingham
09045652,HIBBS ELECTRICS LIMITED,active,B23 7DL,43210,Birmingham
07011441,TYKO ELECTRICAL SERVICES LTD,active,B79 7QB,43210,Birmingham
11986948,SJCOEN ELECTRICAL SERVICES LIMITED,active,B31 5AX,43210,Birmingham
05831940,A.J.L. MIDLANDS ELECTRICAL SERVICES LTD,active,B92 8LJ,43210,Birmingham
09043137,A WEAVER ELECTRICAL LIMITED,active,B34 7LD,43210,Birmingham
12610272,AFH ELECTRICAL LIMITED,active,B64 5HJ,43210,Birmingham
06251485,A&S ELECTRICAL SERVICES (MIDLANDS) LIMITED,active,B94 5HW,43210,Birmingham
10113556,DESA ELECTRICAL LTD,active,B76 1NB,43210,Birmingham
09043299,HR ELECTRICS (UK) LTD,active,B42 2RG,43210,Birmingham
14511284,IA SOLUTIONS LIMITED,active,B98 7YZ,43210,Birmingham
15756429,MIDLANDS ECO INSTALLERS LTD,active,B23 7RJ,"33140,43210,43290",Birmingham
08533923,HASLUCKS GREEN ELECTRICAL LIMITED,active,B90 3RQ,43210,Birmingham
09180466,O AND M ELECTRICAL SOLUTIONS LTD,active,B26 1AR,43210,Birmingham
14864710,LC ELECTRICAL & PROPERTY SERVICES LTD,active,B13 0HY,"43210,43390",Birmingham
14880660,J JONES ELECTRICAL & FACILITY SERVICES LIMITED,active,B44 8LS,43210,Birmingham
12548082,ORB FACILITIES MAINTENANCE LTD,active,B24 9ND,"43210,46730,46740",Birmingham
06011597,O'NEILL ELECTRICAL LIMITED,active,B61 0DD,43210,Birmingham
14170587,EBS ELECTRICAL BUILDING SOLUTIONS LTD,active,B16 0JX,43210,Birmingham
05188987,TOPGRADE SECURITY SYSTEMS LIMITED,active,B67 7NA,43210,Birmingham
12461075,WALSALL ENERGY LTD,active,B70 6QG,"43210,43220",Birmingham
12234216,WELESKI LTD,active,B3 1RB,"43210,43220",Birmingham
06666770,APPLEBY ELECTRICAL (BIRMINGHAM) LTD,active,B36 9AD,43210,Birmingham
11376745,LAL'S ELECTRICAL & COMMS SERVICES LTD,active,B43 6HU,"43210,61100,61900",Birmingham
08737554,MARK J ELECTRICAL LTD,active,B60 2BA,43210,Birmingham
12190342,RDW ELECTRICAL LTD,active,B62 9NR,43210,Birmingham
13484428,MARTRIX LIMITED,active,B98 0JT,43210,Birmingham
07273156,CENTRAL ELECTRICAL SERVICES (WIGGINTON) LTD,active,B79 9LH,43210,Birmingham
09238304,S TANK ELECTRICAL LTD,active,B20 1BJ,43210,Birmingham
10984714,ELECTRICAL MECHANICAL AND FABRICATION SERVICES LTD,active,B79 8PA,"25620,33110,33120,43210",Birmingham
07385048,JCM ASSOCIATES LIMITED,active,B27 6LG,43210,Birmingham
14058083,D2 ELECTRICAL SERVICES LIMITED,active,B10 9QR,43210,Birmingham
14835212,NEWEY ELECTRICS LTD,active,B96 6RW,43210,Birmingham
12645159,APEX ENERGY SOLUTION WORLDWIDE LTD,active,B70 6AS,"43210,43220",Birmingham
13131887,WILSON ELECTRICS (WM) LTD,active,B42 1SY,"43210,49410",Birmingham
11201911,EMPIRE ELECTRICAL CONTRACTORS LTD,active,B62 9BX,43210,Birmingham
06578084,TOTAL 1 ELECTRICAL SERVICES LIMITED,active,B67 7EX,"33140,43210",Birmingham
11377681,YSSP LTD,active,B90 4LE,"43210,80100",Birmingham
12178078,MAINLINE ELECTRICAL LTD,active,B25 8LA,43210,Birmingham
12620915,ELMBRIDGE ELECTRICAL CONTRACTORS LIMITED,active,B30 3JN,43210,Birmingham
14351443,S D HUGHES ELECTRICAL SOLAR PV LIMITED,active,B78 2BW,43210,Birmingham
12114021,WOLITERS LIMITED,active,B61 7BX,43210,Birmingham
07344975,NORTHERN SITE ELECTRICS LIMITED,active,B73 5HU,43210,Birmingham
13563987,ATC MAINTENANCE SERVICES LTD,active,B31 2LJ,"43210,43220,43290,43390",Birmingham
14869280,GRANT ENERGY LTD,active,B61 0BX,"43210,43220",Birmingham
10924817,JA GARDNER PROPERTY SERVICES LIMITED,active,B90 2JP,"43210,43999",Birmingham
08634166,PLANET CABLING LTD,active,B92 8DJ,43210,Birmingham
09060413,APPROVED SECURITY HOLDINGS LIMITED,active,B90 4LE,43210,Birmingham
06031088,CENTRAL CABLING LTD,active,B77 4GJ,43210,Birmingham
13946437,BLUNN ELECTRICAL LTD,active,B26 1BB,43210,Birmingham
10908121,2ND CITY ELECTRICS LTD.,active,B73 5EX,43210,Birmingham
07263897,BYRNE ELECTRICAL & BUILDING SERVICES LTD,active,B28 0RD,43210,Birmingham
14192400,RHENLAH PROPERTY SERVICES LTD,active,B74 3PW,"43210,43220,43390,68100",Birmingham
15799102,D.I.F.Y HOME IMPROVEMENTS LTD,active,B60 2PN,"43210,43220,43290,43320",Birmingham
10233236,M WOOLMAN SOLUTIONS LIMITED,active,B62 0AS,43210,Birmingham
13671848,UKZ SERVICES LTD,active,B11 2AA,"41202,43210,43999",Birmingham
08579884,ELECTRIC MICK LTD,active,B37 6BE,43210,Birmingham
09241341,LEYDON ELECTRICAL LTD,active,B91 2EA,43210,Birmingham
14329956,SIMPLY ELECTRIX LTD,active,B21 0RW,43210,Birmingham
10159146,KSPARKS ELECTRICAL LIMITED,active,B23 6GD,43210,Birmingham
07778146,COVENTRY PAT TESTING LTD,active,B31 4SU,"33140,43210",Birmingham
07369148,ESTILO ELECTRICAL SERVICES LIMITED,active,B63 3HR,43210,Birmingham
06208331,C BRETTELL LTD,active,B47 5PX,43210,Birmingham
12369422,HI-LITE CONTRACTING LIMITED,active,B78 3TR,43210,Birmingham
12421872,CAMLEC AND SONS ELECTRICAL SERVICES LIMITED,active,B36 9SU,43210,Birmingham
04803135,S R ELECTRICAL SERVICES LIMITED,active,B61 7DN,43210,Birmingham
06927088,CHRIS ROBERTS PLUMBING & HEATING LIMITED,active,B79 7RB,"43210,43220",Birmingham
10242298,DANIEL BEST ELECTRICAL LTD,active,B15 1NP,43210,Birmingham
14197645,C.E.P SERVICES AND MAINTENANCE LTD,active,B63 3HB,"43210,43320",Birmingham
14216446,AKG ELECTRICAL CONTRACTORS MIDLANDS LTD,active,B79 7RB,43210,Birmingham
10972473,ELECSAFE TAMWORTH LIMITED,active,B77 1HB,43210,Birmingham
15239079,KORE ELECTRICAL SERVICES LIMITED,active,B78 1ND,43210,Birmingham
14986243,A4A LONDON LTD,active,B36 9JN,"43210,43220,43390,68320",Birmingham
15172208,GOOD DEXTER LIMITED,active,B79 9LB,43210,Birmingham
13665164,TOURT ELECTRICAL LIMITED,active,B72 1TX,43210,Birmingham
15014155,ABS TELECOMMUNICATIONS LIMITED,active,B94 6NS,43210,Birmingham
15839145,BH ELECTRICIAN LIMITED,active,B8 2QL,"33140,43210",Birmingham
09700928,ADA EDWARDS LIMITED,active,B42 1PT,43210,Birmingham
12939881,SRC ELECTRICAL SERVICES LTD,active,B29 5SY,43210,Birmingham
06212703,ANCO ELECTRICAL INSTALLATIONS LTD,active,B46 1HH,43210,Birmingham
13417027,MURPHY & SON INSTALLATIONS LTD,active,B38 9QA,43210,Birmingham
04550322,R.T. ELECTRICAL AND COMPUTING INSTALLATION LIMITED,active,B37 7DL,43210,Birmingham
13298385,ALIM ELECTRICAL SOLUTIONS LIMITED,active,B14 6DT,43210,Birmingham
08621662,GBIRMZ LTD.,active,B60 3PG,43210,Birmingham
09861622,SDT ELECTRICAL SERVICES LTD,active,B77 4RA,43210,Birmingham
12730727,ARB20 LTD,active,B76 9EE,"43210,73110",Birmingham
05714625,GOLDSTAR ELECTRICAL LIMITED,active,B13 0HY,43210,Birmingham
12113004,SHAUN ELECTRIC & AIR CONDITIONING SERVICES LIMITED,active,B11 4DA,"33140,43210",Birmingham
15345143,VIVID SOLAR STREET LIGHTING (MIDLANDS) LTD,active,B72 1UJ,43210,Birmingham
15372392,H.C.L ELECTRICAL LIMITED,active,B77 1PW,43210,Birmingham
14254623,LIGHTING DESIGN DIRECT LTD,active,B65 0EH,43210,Birmingham
14282390,D & R ELECTRICAL SOLUTIONS LTD,active,B13 0HY,43210,Birmingham
09027732,ELECTRICAL SERVICES SCH LTD,active,B74 3RL,43210,Birmingham
08592187,GUILD ELECTRICAL SERVICES LTD,active,B73 5LX,43210,Birmingham
09875770,I G INSTALLATIONS MIDLANDS LIMITED,active,B77 4QH,43210,Birmingham
11462086,JOHAL ELECTRICAL WORKS LIMITED,active,B71 2RS,43210,Birmingham
10344252,H.E.G. ENGINEERS LTD,active,B60 3LA,"43210,43220",Birmingham
14751658,MANTECH AUTOMATION LTD,active,B36 0EH,43210,Birmingham
04954867,S. BOGUE BATHROOMS LIMITED,active,B92 8AX,"43210,43220",Birmingham
13095061,DAMAND INSTALLS LTD,active,B50 4DT,"43210,80200",Birmingham
13557200,A-LECTRICAL SERVICES LTD,active,B24 9BP,43210,Birmingham
14500353,NIKO ELECTRICAL LTD,active,B68 0NU,43210,Birmingham
01427800,MIDLAND COMMERCIAL ELECTRICAL SYSTEMS LIMITED,active,B38 9EP,43210,Birmingham
09437566,ICN SYSTEMS LIMITED,active,B33 8BB,43210,Birmingham
12088870,SYNERGY ELECTRICS (MIDLANDS) LIMITED,active,B33 8BB,43210,Birmingham
00739627,K.C.HICKSON LIMITED,active,B66 2AY,43210,Birmingham
15878772,PETER WOODWARD ELECTRICAL CONTRACTING LTD,active,B77 2EH,43210,Birmingham
15918792,OAK LEAF ELECTRICAL SERVICES LIMITED,active,B98 8RH,"43210,81300",Birmingham
14244139,SCREED IT M&E LIMITED,active,B3 1PX,"43210,71129",Birmingham
13035866,ARCHER ELECTRICAL SERVICES LIMITED,active,B61 7DN,43210,Birmingham
09726140,CURRENT INSTALLS LTD,active,B50 4NP,43210,Birmingham
06666056,POWERFIX CONNECTIONS LIMITED,active,B46 1NW,43210,Birmingham
05921980,PANTHER INTELLIGENT HOME SOLUTIONS LIMITED,active,B71 1BA,43210,Birmingham
11660023,EV-PV LTD,active,B74 4AG,43210,Birmingham
14511832,INSIGNIA SERVICES LTD,active,B11 2JB,43210,Birmingham
10937975,TRITECH SOLUTIONS SECURITY FIRE ELECTRICAL LIMITED,active,B62 9JT,43210,Birmingham
02456127,MINERVA COMMUNICATIONS LIMITED,active,B61 8BA,43210,Birmingham
12719557,ARDEN ELECTRICAL INSTALLATIONS LTD,active,B93 9HU,43210,Birmingham
08624011,HALLMARK NETWORKING SOLUTIONS LTD,active,B26 2JL,"43210,96090",Birmingham
14488779,POWERSURJ ELECTRICAL SERVICES LIMITED,active,B42 2LX,43210,Birmingham
04332738,J. ELECTRICAL UK LIMITED,active,B45 9TA,43210,Birmingham
04729971,V-LECTRIC LIMITED,active,B79 7JS,43210,Birmingham
05760073,SUNLEC INTERNATIONAL LTD,active,B91 3DL,"43210,43999",Birmingham
14762797,SUSTAINABLE ELECTRICAL SOLUTIONS LTD,active,B26 2DR,43210,Birmingham
06023810,BIRMINGHAM BUILDING AND ROOFING CONTRACTORS LIMITED,active,B90 2PU,43210,Birmingham
11565105,B C JEAVONS LTD,active,B97 5PH,43210,Birmingham
11444338,KENROY ELECTRICS LIMITED,active,B70 6RR,43210,Birmingham
15023064,KIE ELECTRICAL LTD,active,B94 5LW,43210,Birmingham
14754740,KINGS FIRE & ELECTRICAL LIMITED,active,B36 9HN,43210,Birmingham
04518063,BOURNE ELECTRICAL ENGINEERS LIMITED,active,B90 4LE,43210,Birmingham
05670560,MCCOLGAN ELECTRICAL LIMITED,active,B90 2BP,43210,Birmingham
10529026,FLINKAR LIMITED,active,B10 0ED,"43210,43220",Birmingham
05926460,R D SERVICES LIMITED,active,B73 6RU,43210,Birmingham
05723853,AGW ELECTRICAL (SERVICES) LIMITED,active,B62 9JT,43210,Birmingham
02985756,HITACHI ENERGY UK LIMITED,active,B1 1TT,"27120,43210,46520,62090",Birmingham
14973030,GREEN-TECH ENERGY SOLUTIONS LTD,active,B28 9JP,"43210,43220,43290,43999",Birmingham
02748859,O.R. BUILDING SERVICES LIMITED,active,B93 0LN,43210,Birmingham
15962632,NEWEY PROPERTY LTD,active,B73 6BE,"41100,43210,68209",Birmingham
14013738,HPI BUILDING PROPERTY SERVICES LIMITED,active,B8 2DH,"43210,43220,43290",Birmingham
11131842,JD ELECTRICAL (BIRMINGHAM) LIMITED,active,B18 5EB,43210,Birmingham
01901410,P.H. ADAMS (ELECTRICAL CONTRACTORS) LIMITED,active,B24 9PN,43210,Birmingham
07017999,MONARCH ELECTRICAL CONTRACTORS LTD,active,B1 3AA,43210,Birmingham
13318227,JCE ELECTRICAL INSTALLATIONS LTD,active,B98 7GA,43210,Birmingham
11302467,YEOMANS ELECTRICAL LTD,active,B90 3LU,43210,Birmingham
15103789,CAA ELECTRICAL LTD,active,B94 5LW,43210,Birmingham
11094709,ECOTECH GROUP LIMITED,active,B12 0PR,"41201,41202,43210,43220",Birmingham
09475210,GD ELECTRICAL (LONDON) LIMITED,active,B90 3LU,43210,Birmingham
05557973,D.M.D DATA AND ELECTRICAL SERVICES LTD,active,B61 7AZ,43210,Birmingham
09696108,LEVEL PROTECTION LIMITED,active,B73 6AL,43210,Birmingham
15037276,ODE ELECTRICALS LTD,active,B14 5PB,43210,Birmingham
09502074,REUSE ELECTRICAL SERVICES LIMITED,active,B30 3JN,43210,Birmingham
08253229,A & R NETWORK SOLUTIONS LTD,active,B64 7QJ,43210,Birmingham
08919759,SEC MIDLANDS LTD,active,B42 2AB,43210,Birmingham
00886570,FIRST IN SERVICE LIMITED,active,B7 4PR,"43210,43220,43290",Birmingham
10822844,RELUX CLADDING LTD,active,B70 6RG,43210,Birmingham
13235266,DGC ELECTRICAL SOLUTIONS LIMITED,active,B90 4UW,43210,Birmingham
12708098,WGR ELECTRICAL SERVICES LTD,active,B72 1TT,43210,Birmingham
10056674,JPB ELECTRICAL SERVICES LIMITED,active,B60 4BD,43210,Birmingham
13539089,A D BROOKES ELECTRICAL SERVICES LIMITED,active,B98 0PH,43210,Birmingham
05532248,NDS ELECTRICAL LIMITED,active,B79 7RB,43210,Birmingham
10122886,BETHELEC SERVICES LTD,active,B43 7HT,43210,Birmingham
01574086,N.E.E. (EXHIBITION ELECTRICS) LIMITED,active,B98 8BP,43210,Birmingham
13540713,PROPERTY HEIST LTD,active,B11 1SS,"33200,41202,43210,98000",Birmingham
01467716,SEATON HIRE LIMITED,active,B77 2LE,"43210,43220",Birmingham
13866996,GILMORE ELECTRICAL LIMITED,active,B77 4RP,43210,Birmingham
09720834,SYNERGY GROUP SERVICES LTD,active,B78 3HP,43210,Birmingham
05836717,HEATH INDUSTRIES LTD,active,B38 8SD,43210,Birmingham
07846786,JJD CONTRACTING LIMITED,active,B62 8DY,43210,Birmingham
08114688,A C V  ELEVATOR ELECTRICAL LIMITED,active,B79 7RB,43210,Birmingham
08688541,A M INSTALLATIONS (UK) LTD,active,B92 9LX,"43210,43220",Birmingham
12851521,RUBICOM ELECTRICAL LTD,active,B98 7RQ,43210,Birmingham
12205714,M.S SOLID CONSTRUCTION LTD,active,B71 1HF,"41201,41202,43210,43220",Birmingham
14976350,PARADISE ELECTRICAL INSTALLATION LTD,active,B14 6NQ,"43210,68100,77400",Birmingham
13489443,SKY BUILDERS LTD,active,B8 3ES,"41202,43210,43220,43390",Birmingham
08576024,QI FLOORING LIMITED,active,B45 8FL,43210,Birmingham
08717748,P A ELECTRICAL (MIDLANDS) LIMITED,active,B74 3SY,43210,Birmingham
03606745,PRICE ELECTRICS (ELECTRICAL CONTRACTORS) LIMITED,active,B98 0QG,43210,Birmingham
12107579,MAPLE ELECTRICAL LTD,active,B11 2HA,43210,Birmingham
05522411,BK ELECTRICAL LTD,active,B94 6QW,43210,Birmingham
06116649,ID SECURITY SYSTEMS LIMITED,active,B7 5PA,"43210,80200",Birmingham
02076810,R M D ELECTRICAL LIMITED,active,B11 3BD,43210,Birmingham
09951682,IMPULSE ELECTRICS LTD,active,B20 2LU,43210,Birmingham
09835407,INSPIRELEC LTD,active,B45 8BL,43210,Birmingham
06478463,WARTON ELECTRICAL SERVICES LIMITED,active,B79 0JH,43210,Birmingham
16044298,RACK SOLUTIONS LIMITED,active,B26 2AL,43210,Birmingham
12904637,TRIVOLTAGE LTD,active,B63 1DQ,"43210,80200",Birmingham
10620724,FIRELIGHT DETECTION & ELECTRICAL SYSTEMS LTD,active,B90 4AA,"43210,71129",Birmingham
14507071,CORELEC LTD,active,B90 1SQ,43210,Birmingham
10442373,MCB ELECTRICAL SOLUTIONS LTD,active,B26 2SJ,43210,Birmingham
05017083,J. WALTON ELECTRICAL LTD,active,B90 2EL,43210,Birmingham
07025132,SPITFIRE MAINTENANCE LIMITED,active,B24 9QG,43210,Birmingham
07927349,REGENTCOMMS LIMITED,active,B92 9AD,"43210,61900",Birmingham
07319577,DUNBAVIN RAIL LTD,active,B31 2JH,43210,Birmingham
15800613,N D Z ELECTRICAL LTD,active,B15 1TH,"35140,43210",Birmingham
09410473,R. MCLAREN ELECTRICAL LTD,active,B14 6DN,43210,Birmingham
10593035,RPF ELECTRICAL SERVICES LTD,active,B38 8RA,43210,Birmingham
10517113,EQUINOX FM LIMITED,active,B77 1AF,"43210,43999",Birmingham
10661533,P S DIXON LTD,active,B43 5ES,43210,Birmingham
11553542,TICO ELECTRICAL INSTALLATIONS LTD,active,B73 5LT,43210,Birmingham
11728796,D AND A COMPLETE SERVICES LTD,active,B62 9EF,"41100,43210,43999,81300",Birmingham
14323365,OCTOPUS C LTD,active,B91 1SU,"43210,46690,56290,70229",Birmingham
15140960,ELITE AMP SOLUTIONS LTD,active,B19 2HN,43210,Birmingham
10097658,WYRE ELECTRICAL LIMITED,active,B44 8LS,43210,Birmingham
07801234,JAMES KITCHEN & ELECTRICAL INSTALLATIONS LTD,active,B64 6DP,"43210,43220,43320",Birmingham
15813882,SAVE ECO LTD,active,B69 1AQ,"43210,43220,43999,74901",Birmingham
07934412,M.E.S. ELECTRICAL & SOLAR LIMITED,active,B92 9JX,43210,Birmingham
07837087,SOLIHULL ELECTRICAL SYSTEMS LTD.,active,B95 6HX,43210,Birmingham
09938472,C.E.W GROUP LIMITED,active,B28 9HW,43210,Birmingham
10607510,LB ELECTRICAL INSTALLATIONS LTD,active,B91 2LZ,43210,Birmingham
13909384,HAMPTON ELECTRICAL (UK) LTD,active,B94 6AB,43210,Birmingham
10485964,C C S ELECTRICAL SERVICES LIMITED,active,B91 1PW,43210,Birmingham
09275951,PROBE ELECTRICAL & AC LTD,active,B63 3HN,"43210,43220",Birmingham
16033969,GW FACILITIES SERVICES LTD,active,B46 3BP,43210,Birmingham
05188538,J.D. ELECTRICAL & MECHANICAL SERVICES LIMITED,active,B70 0BF,43210,Birmingham
05425542,T & D ELECTRICAL SERVICES LIMITED,active,B77 3QQ,43210,Birmingham
03235015,TAYLOR ELECTRICAL CONTROLS LIMITED,active,B77 1BB,"26110,26120,26512,43210",Birmingham
09525020,QADERI RAIL LTD,active,B12 8AF,43210,Birmingham
10470017,THE SITU GROUP LTD,active,B77 4RD,"43210,43220,43290,43390",Birmingham
10243800,REDFORDE LTD,active,B30 1DA,43210,Birmingham
12462472,SPECIALIST ELECTRICAL SYSTEMS LTD,active,B95 6HX,43210,Birmingham
13200223,PROSTAR ELECTRICAL LTD,active,B11 1PH,43210,Birmingham
10645444,DTB ELECTRICAL LIMITED,active,B97 5PQ,43210,Birmingham
14362423,POWER BROS LTD,active,B20 2QR,43210,Birmingham
14703355,GSTFIXZIE LTD,active,B8 3DD,"43210,43220,43330,43341",Birmingham
13235826,CHIEF MAINTENANCE & ELECTRICAL LTD,active,B63 2UZ,"41100,43210,43220,81300",Birmingham
15252046,ELYTE ELECTRICAL SERVICE LTD,active,B73 5EL,43210,Birmingham
12908274,M&G HOLDINGS (MIDLANDS) LTD,active,B27 7NX,43210,Birmingham
14660577,VOLTEX ELECTRICAL ENGINEERING SERVICES DS LTD,active,B94 5LW,43210,Birmingham
14977311,BAHRIA CONSULTING LTD,active,B25 8DX,"41100,43210,43220,81300",Birmingham
13098104,REDSS (UK) LTD,active,B91 2JF,43210,Birmingham
01770104,BARRIE BEARD LIMITED,active,B61 7ET,43210,Birmingham
05936308,MIDLANDS ELECTRICAL SYSTEMS LIMITED,active,B98 9HD,43210,Birmingham
11747838,ECOWIRE LIMITED,active,B76 1GW,43210,Birmingham
12993874,EMA ELECTRICAL LIMITED,active,B67 5NF,43210,Birmingham
14020858,BLACKWOOD ELECTRICAL SOLUTIONS LIMITED,active,B74 3QL,43210,Birmingham
09503275,KTM ELECTRICAL LTD,active,B72 1UJ,43210,Birmingham
09459122,THN ELECTRICALS LIMITED,active,B68 9SG,43210,Birmingham
15287768,BELGRAY BUILDING LTD,active,B90 3RT,"41201,41202,43210",Birmingham
13803187,BELFRY ELECTRICAL SERVICES LTD,active,B74 3EB,43210,Birmingham
04368056,ELECTRODYNE LIMITED,active,B96 6HS,43210,Birmingham
15909960,SMALLWOOD ENGINEERING SOLUTIONS LTD,active,B47 5RB,"33200,43210,71129",Birmingham
16209754,POWERCORE ELECTRIC LIMITED,active,B11 3LU,43210,Birmingham
14800974,ECOHOLIC ENERGY LIMITED,active,B90 3QU,43210,Birmingham
08509406,RYTON COMMUNICATIONS LTD,active,B15 1TH,"42220,43210",Birmingham
09565865,HEATHCOTE ELECTRICAL LTD,active,B79 7RB,43210,Birmingham
10081499,MLC SITE SERVICES LTD,active,B64 7BG,43210,Birmingham
11053671,KX ELECTRICAL CONTRACTORS LTD,active,B98 8LG,43210,Birmingham
06884187,SIMKINS & WOODWARD ELECTRICAL LIMITED,active,B72 1AF,43210,Birmingham
15089564,DLUX-PRO MAINTENANCE & CONSTRUCTION LTD,active,B14 4JD,"41201,41202,43210,43220",Birmingham
07228100,G HOPWOOD ELECTRICAL CONTRACTORS LIMITED,active,LS29 0PD,43210,Leeds
08062144,F H P ELECTRICAL LIMITED,active,LS20 8NH,43210,Leeds
13244940,VELEC LTD,active,LS25 1HB,43210,Leeds
14092609,KHARAZM LTD,active,LS15 9EN,"43210,71122,71129,82990",Leeds
07604546,P H D ELECTRICAL SERVICES (LEEDS) LIMITED,active,LS28 6JP,43210,Leeds
12633601,ROHAN ELECTRICAL & MECHANICAL LIMITED,active,LS10 1NL,43210,Leeds
08921154,BLUE WIRE MECHANICAL & ELECTRICAL LTD,active,LS12 4JD,43210,Leeds
12615917,BREARLEY CONTRACTING LIMITED,active,LS13 4RT,43210,Leeds
12167699,SMC ELECTRICAL DIVISION LTD,active,LS25 6EQ,43210,Leeds
14864331,RIGTON ELECTRICAL LTD,active,LS17 0AE,43210,Leeds
15734374,L GREEN ELECTRICAL SOLUTIONS YORKSHIRE LTD,active,LS28 7QD,43210,Leeds
07708402,MORTON BROTHERS LIMITED,active,LS1 2HH,43210,Leeds
10670060,ASHFIELD ELECTRICAL CONTRACTING LTD,active,LS15 8TJ,43210,Leeds
07092330,SOWDEN ELECTRICAL SERVICES LIMITED,active,LS29 7RQ,43210,Leeds
08067948,NETWORK CCTV SYSTEMS LTD.,active,LS26 8LF,"33140,43210,80200",Leeds
09038712,M. STOKER ELECTRICAL LTD,active,LS1 2JP,43210,Leeds
15770036,MKD ELECTRICAL LTD,active,LS14 6AW,43210,Leeds
04445984,DSEC LIMITED,active,LS28 6EY,43210,Leeds
09652067,DSI ILKLEY LIMITED,active,LS26 8RE,43210,Leeds
11706746,BJF ELECTRICAL SERVICES LIMITED,active,LS12 4JG,"43210,85320",Leeds
14256953,EQUILIBRIUM SOUTH WEST LTD,active,LS25 1NB,43210,Leeds
13288771,SMARTWIRED ELECTRICAL CONTRACTOR LIMITED,active,LS9 7DR,43210,Leeds
04457658,FORTH ELECTRICAL LIMITED,active,LS15 8BA,43210,Leeds
13422956,LEODIS ELECTRICAL LTD,active,LS6 3HA,43210,Leeds
08683316,ECO ELECTRICAL SERVICES (LEEDS) LIMITED,active,LS12 2LH,43210,Leeds
08660255,HALO ELECTRICAL SERVICES LIMITED,active,LS19 7RE,43210,Leeds
11326341,TOFTS ELECTRICAL LTD,active,LS28 7SD,43210,Leeds
14017931,ABW HEATING & ELECTRICAL LTD,active,LS16 7AS,"43210,43220",Leeds
11385018,EICA SERVICES LTD,active,LS25 1NB,43210,Leeds
09257891,ALFA ELECTRICAL LIMITED,active,LS17 7RF,43210,Leeds
08865163,REDLEY ELECTRICAL SERVICES LTD,active,LS25 1HB,43210,Leeds
11684210,RSK SOLUTIONS (LEEDS) LIMITED,active,LS28 9NA,43210,Leeds
11964728,FOZARD BUILDING CO LIMITED,active,LS17 7QR,"41100,43210",Leeds
01211519,GERALD CLIFF (ELECTRICAL CONTRACTORS) LIMITED,active,LS6 2LP,43210,Leeds
08094529,G3 LIGHTING DESIGN LIMITED,active,LS8 1AL,"43210,90030",Leeds
11747803,TND ELECTRICAL LTD,active,LS28 8LD,43210,Leeds
03053209,A & S ELECTRICAL HOLDINGS LIMITED,active,LS27 8JT,43210,Leeds
10337707,P R ELECTRICAL SERVICES LIMITED,active,LS24 9JH,43210,Leeds
12893036,REDLEC LIMITED,active,LS27 7RY,43210,Leeds
13633949,DURAVAULT LIMITED,active,LS25 7PZ,43210,Leeds
12655101,SECUR3 ELECTRICAL LTD,active,LS9 7BD,43210,Leeds
08126598,DATAFLOW NETWORKING INSTALLATIONS LIMITED,active,LS11 9RT,43210,Leeds
12222053,BERRY ELECTRICAL CONTRACTORS LTD,active,LS15 4JE,43210,Leeds
15095760,HUNT ENERGY GROUP LTD,active,LS28 5TW,43210,Leeds
04824125,SMART ELECTRICAL (UK) LTD.,active,LS25 6NB,43210,Leeds
10578244,ELECTRICAL POWER CONTROL SOLUTIONS LTD,active,LS22 4ET,43210,Leeds
00761378,J.A. RICHARDSON (ELECTRICAL) LIMITED,active,LS6 3BR,43210,Leeds
11541049,FORD CONTRACTING SERVICES LTD,active,LS18 5JU,"43210,43390,70229",Leeds
01176644,R.H. ELECTRICAL LIMITED,active,LS15 4JX,43210,Leeds
10346990,EXPRESS PROJECTS LTD,active,LS11 8JH,"43210,70229",Leeds
14198553,PATH ENERGY LTD,active,LS1 2ND,43210,Leeds
13918973,S-WIRES ELECTRICAL LTD,active,LS20 8NH,43210,Leeds
11693823,ELECMET ELECTRICAL SOLUTIONS LTD,active,LS12 3UZ,43210,Leeds
14003775,HPS ELECTRICAL CONTRACTORS LTD,active,LS20 8NH,43210,Leeds
06748991,C & C ELECTRICAL GILDERSOME LTD.,active,LS27 7RZ,43210,Leeds
15030739,REACH ELECTRICAL LTD,active,LS17 6LN,43210,Leeds
06477532,S L ELECTRIC SERVICES LIMITED,active,LS11 8HA,43210,Leeds
11943766,ECO LIGHTING SOLUTIONS UK LTD,active,LS21 1RS,43210,Leeds
15103525,RCM ELECTRICAL LTD,active,LS25 7HU,43210,Leeds
05841477,G C ELECTRONICS LIMITED,active,LS25 5DR,"33140,43210",Leeds
14562072,FUTURE ELECTRICAL YORKSHIRE LTD,active,LS27 7QN,43210,Leeds
11510665,REDDISH ELECTRICAL COMPANY LIMITED,active,LS17 8DT,"33140,43210",Leeds
08544190,RDJA LIGHTING LTD,active,LS26 8NT,43210,Leeds
12533286,LRH ELECTRICAL LTD,active,LS25 1HB,43210,Leeds
04395854,SAPEC LIMITED,active,LS15 7AN,43210,Leeds
05279697,AEC ELECTRICAL CONTRACTORS LIMITED,active,LS25 1LL,43210,Leeds
05948493,MPH ELECTRICAL (HORSFORTH) LIMITED,active,LS18 5JJ,43210,Leeds
09163575,HECKONNER LIMITED,active,LS8 4EZ,43210,Leeds
05620781,BRIAN WALKER ELECTRICAL CONTRACTORS LIMITED,active,LS27 7AD,43210,Leeds
13666622,MATTLEC LIMITED,active,LS15 7QF,43210,Leeds
11107334,PRIMONT LTD,active,LS14 5NH,"43210,43390",Leeds
07401286,TEALE ELECTRICAL LTD,active,LS18 5EU,43210,Leeds
08049474,CRE ELECTRICAL CONTRACTORS LIMITED,active,LS26 0TL,43210,Leeds
13678115,LOCAL ELECTRICIAN SERVICES LTD,active,LS12 5AY,43210,Leeds
13494925,SANJABS TECHNICAL SOLUTIONS LIMITED,active,LS9 6LT,"33140,43210",Leeds
13730751,R PEARSON ELECTRICAL AND PLUMBING LTD,active,LS16 8DS,43210,Leeds
13707608,JC ELECTRICAL LEEDS LTD,active,LS19 7EW,43210,Leeds
03267621,SEC LIGHTING SERVICES TRADING LIMITED,active,LS1 2HJ,43210,Leeds
09658269,LUCID ELECTRICAL SERVICES LTD,active,LS16 7JE,43210,Leeds
04461839,ELM BUILDING SERVICE ENGINEERS LTD,active,LS27 7JQ,"43210,43220,43290",Leeds
15829034,SWJ ELECTRICAL LTD,active,LS11 8LJ,"43210,45200",Leeds
04573736,RAM ELECTRICAL (LEEDS) LTD,active,LS15 9AA,43210,Leeds
10983872,K M D HOLDINGS LIMITED,active,LS15 8ZB,43210,Leeds
13863419,SOL-TEQ LIMITED,active,LS1 2RY,"43210,43910",Leeds
13198562,CUSTOM ELECTRICS LTD,active,LS28 8QY,43210,Leeds
09379039,S.ELECTRIX LTD,active,LS21 1RS,43210,Leeds
02555101,VEN ELECTRICAL SERVICES LIMITED,active,LS1 2HL,43210,Leeds
09494383,AL ELECTRICAL ENGINEERING LIMITED,active,LS9 6NT,43210,Leeds
16016369,CPX ELECTRICAL LTD,active,LS25 1LL,43210,Leeds
04517087,BARRY BOYDON (LEEDS) LIMITED,active,LS12 4NQ,43210,Leeds
06538702,PME SERVICES (NORTHERN) LIMITED,active,LS12 5TY,43210,Leeds
07344923,ANDREW SCOTT ELECTRICAL LIMITED,active,LS24 8JS,43210,Leeds
11777161,THINK ELECTRICAL SOLUTIONS LIMITED,active,LS28 6LE,43210,Leeds
12579005,TOAN LIMITED,active,LS1 2ND,43210,Leeds
14461808,JJW CONTRACTING LTD,active,LS18 4DH,43210,Leeds
03523008,GEO. E. PEARSON LIMITED,active,LS28 5LF,43210,Leeds
11190924,EVOLT GREEN TECHNOLOGY LTD,active,LS28 9HA,43210,Leeds
09286979,ELECTRICAL MECHANICAL INSTALLERS LTD,active,LS27 0BZ,43210,Leeds
10775052,OAKDENE INTERIORS LTD,active,LS25 1LL,"43210,43220,43320,43390",Leeds
08895468,LOCAL RENEWABLE SERVICES LTD,active,LS23 6QY,43210,Leeds
04982819,STEVE COCKERHAM LIMITED,active,LS29 9BP,43210,Leeds
13059640,WALKIN ELECTRICAL LTD,active,LS8 1PQ,"43210,59113",Leeds
15095890,WRIGHT RHODES ELECTRICAL LTD,active,LS28 7JS,43210,Leeds
09286815,MAXIMAS (SERVICES) LIMITED,active,LS25 1PQ,"43210,43999",Leeds
08874950,CV SUPPORT SERVICES LIMITED,active,LS25 2EH,43210,Leeds
